date,hour,crime_type,latitude,longitude,city,weapon,victim_age,status
2023-04-24,20,Vandalism,18.543886,73.884138,Sample City,None,44,Under Investigation
2023-05-14,20,Burglary,18.502974,73.840945,Sample City,None,9,Closed
2024-07-27,19,Robbery,18.52578,73.847162,Sample City,None,14,Closed
2023-03-13,15,Theft,18.526398,73.865685,Sample City,None,54,Open
2023-08-16,23,Theft,18.545076,73.820075,Sample City,Unknown,46,Closed
2024-11-03,18,Assault,18.526959,73.883153,Sample City,None,28,Closed
2024-08-08,15,Theft,18.523217,73.860807,Sample City,Blunt Object,39,Closed
2024-09-22,11,Theft,18.495223,73.847424,Sample City,None,45,Open
2023-12-11,20,Fraud,18.545444,73.865597,Sample City,Knife,24,Closed
2023-03-20,19,Assault,18.527608,73.859635,Sample City,None,28,Under Investigation
2023-02-26,14,Drug Offense,18.525264,73.864462,Sample City,Blunt Object,25,Closed
2024-10-13,23,Drug Offense,18.504507,73.872098,Sample City,None,34,Open
2023-01-06,5,Theft,18.531777,73.861566,Sample City,None,36,Open
2024-05-28,20,Vehicle Theft,18.526848,73.796031,Sample City,None,31,Closed
2024-01-02,18,Theft,18.530614,73.857404,Sample City,None,35,Under Investigation
2024-06-15,23,Vandalism,18.505348,73.849639,Sample City,None,15,Open
2023-01-30,23,Theft,18.490684,73.839711,Sample City,None,42,Open
2024-11-14,17,Theft,18.524483,73.8693,Sample City,Unknown,21,Under Investigation
2024-01-22,17,Drug Offense,18.511365,73.852843,Sample City,Unknown,29,Closed
2024-10-09,22,Theft,18.533132,73.861782,Sample City,None,46,Under Investigation
2023-01-04,19,Vandalism,18.531758,73.855714,Sample City,Knife,17,Open
2024-06-28,23,Vandalism,18.497865,73.822787,Sample City,Knife,36,Open
2024-04-05,19,Robbery,18.535272,73.858562,Sample City,None,49,Open
2024-11-17,18,Vehicle Theft,18.488273,73.871174,Sample City,Unknown,40,Under Investigation
2023-05-04,22,Vandalism,18.527321,73.865138,Sample City,Knife,33,Open
2024-10-02,23,Vandalism,18.540349,73.868142,Sample City,None,44,Open
2024-10-28,21,Fraud,18.529533,73.864416,Sample City,Knife,78,Closed
2023-10-02,19,Theft,18.510942,73.879469,Sample City,None,21,Closed
2023-04-03,23,Theft,18.507168,73.851534,Sample City,Knife,33,Open
2024-06-14,19,Assault,18.542864,73.863804,Sample City,Blunt Object,37,Open
2023-10-26,17,Theft,18.53303,73.865195,Sample City,None,28,Closed
2023-11-03,15,Fraud,18.542733,73.866195,Sample City,None,16,Open
2023-12-13,18,Burglary,18.532663,73.864648,Sample City,None,20,Closed
2023-10-01,19,Drug Offense,18.50736,73.845784,Sample City,Knife,60,Open
2024-11-17,9,Vandalism,18.510419,73.842688,Sample City,None,47,Closed
2024-10-22,20,Theft,18.53358,73.853445,Sample City,None,24,Closed
2024-05-23,23,Vandalism,18.536267,73.872867,Sample City,Blunt Object,35,Open
2024-07-20,21,Drug Offense,18.499274,73.837677,Sample City,None,29,Closed
2023-08-22,17,Theft,18.559564,73.85733,Sample City,Unknown,42,Open
2024-04-06,10,Assault,18.540582,73.878571,Sample City,Knife,26,Closed
2024-02-06,23,Assault,18.499426,73.856435,Sample City,None,30,Open
2023-03-03,16,Fraud,18.495733,73.864011,Sample City,Firearm,34,Open
2024-08-16,15,Theft,18.531311,73.866555,Sample City,Firearm,48,Closed
2023-01-09,15,Theft,18.539886,73.868985,Sample City,None,31,Closed
2023-10-01,22,Theft,18.535181,73.859366,Sample City,Unknown,27,Open
2023-02-23,21,Burglary,18.527123,73.857078,Sample City,Knife,32,Closed
2023-02-03,18,Robbery,18.515234,73.8461,Sample City,None,43,Open
2024-12-12,9,Fraud,18.525445,73.860902,Sample City,Knife,36,Open
2023-11-02,23,Vehicle Theft,18.542659,73.901,Sample City,None,26,Closed
2023-12-09,11,Theft,18.541654,73.876672,Sample City,Blunt Object,24,Closed
2024-07-15,17,Theft,18.520557,73.858109,Sample City,Unknown,12,Closed
2023-03-24,20,Fraud,18.500795,73.852666,Sample City,None,56,Under Investigation
2023-04-08,23,Theft,18.508506,73.850829,Sample City,None,42,Open
2024-10-22,20,Fraud,18.5029,73.832765,Sample City,None,5,Closed
2023-07-08,20,Burglary,18.519958,73.880592,Sample City,None,31,Closed
2023-09-10,18,Vandalism,18.523392,73.862926,Sample City,None,43,Open
2023-03-06,18,Theft,18.525107,73.856646,Sample City,None,19,Closed
2023-03-01,18,Fraud,18.533088,73.867228,Sample City,Firearm,29,Open
2023-09-27,23,Theft,18.544245,73.858136,Sample City,None,29,Closed
2023-03-20,23,Theft,18.612766,73.890287,Sample City,None,5,Closed
2023-03-29,20,Vandalism,18.526121,73.853511,Sample City,Blunt Object,42,Closed
2023-11-12,17,Assault,18.539139,73.863233,Sample City,Knife,23,Closed
2023-03-16,16,Theft,18.531609,73.878378,Sample City,None,24,Open
2023-10-27,20,Drug Offense,18.540291,73.870014,Sample City,Blunt Object,30,Open
2024-02-22,23,Theft,18.510596,73.849508,Sample City,None,22,Closed
2023-07-30,13,Burglary,18.531558,73.854574,Sample City,None,35,Open
2023-07-05,23,Robbery,18.536038,73.856539,Sample City,None,41,Closed
2024-11-15,21,Fraud,18.542227,73.871376,Sample City,None,50,Closed
2024-04-30,7,Drug Offense,18.532367,73.857474,Sample City,None,36,Closed
2024-06-29,11,Drug Offense,18.518775,73.857891,Sample City,None,32,Closed
2024-11-17,11,Theft,18.493856,73.865308,Sample City,Blunt Object,45,Closed
2023-08-16,23,Theft,18.537076,73.877423,Sample City,Knife,21,Closed
2023-03-22,23,Theft,18.551526,73.8414,Sample City,None,26,Closed
2024-02-01,15,Theft,18.561977,73.886958,Sample City,Unknown,17,Closed
2024-03-22,19,Vandalism,18.531083,73.875861,Sample City,Unknown,40,Closed
2024-06-21,14,Vehicle Theft,18.501951,73.856321,Sample City,Blunt Object,30,Open
2024-03-07,16,Assault,18.522072,73.889526,Sample City,Blunt Object,30,Open
2023-09-10,23,Burglary,18.534939,73.86044,Sample City,None,22,Closed
2024-10-29,23,Vandalism,18.513819,73.859674,Sample City,None,9,Closed
2023-03-04,19,Robbery,18.538387,73.868361,Sample City,None,33,Closed
2023-01-27,23,Theft,18.536558,73.871719,Sample City,Firearm,18,Closed
2023-04-24,20,Vehicle Theft,18.537477,73.84756,Sample City,None,28,Open
2023-01-20,15,Vandalism,18.535614,73.867629,Sample City,None,23,Open
2023-06-23,17,Vandalism,18.535414,73.825102,Sample City,Blunt Object,27,Closed
2024-10-16,20,Assault,18.506057,73.839376,Sample City,Blunt Object,16,Closed
2023-07-15,12,Robbery,18.537895,73.849481,Sample City,None,53,Open
2024-09-25,23,Fraud,18.504052,73.868674,Sample City,None,31,Open
2023-04-12,12,Theft,18.521911,73.86446,Sample City,None,33,Under Investigation
2024-04-20,16,Theft,18.51245,73.834784,Sample City,None,38,Under Investigation
2024-04-30,9,Burglary,18.569016,73.903815,Sample City,None,16,Open
2023-06-29,11,Assault,18.526003,73.834039,Sample City,Firearm,22,Open
2024-06-18,22,Theft,18.53296,73.861109,Sample City,None,13,Closed
2024-05-17,11,Fraud,18.50979,73.855625,Sample City,Blunt Object,27,Closed
2024-10-31,12,Burglary,18.505637,73.843515,Sample City,Blunt Object,29,Closed
2024-09-11,18,Theft,18.558988,73.888566,Sample City,Unknown,12,Under Investigation
2023-01-25,13,Drug Offense,18.514911,73.845803,Sample City,Unknown,44,Under Investigation
2024-08-28,19,Theft,18.537207,73.880319,Sample City,None,26,Open
2023-08-19,23,Assault,18.528434,73.86081,Sample City,Knife,34,Under Investigation
2024-08-06,16,Burglary,18.53428,73.860282,Sample City,Knife,48,Under Investigation
2023-11-04,14,Theft,18.507035,73.900302,Sample City,None,41,Open
2023-10-08,13,Vehicle Theft,18.529792,73.861405,Sample City,Blunt Object,40,Open
2024-03-23,23,Burglary,18.539703,73.879049,Sample City,None,51,Open
2023-02-12,17,Fraud,18.526176,73.867134,Sample City,Knife,17,Open
2024-01-27,23,Theft,18.499244,73.835591,Sample City,Blunt Object,53,Open
2024-02-07,18,Assault,18.543261,73.881502,Sample City,None,22,Closed
2023-02-25,18,Burglary,18.534169,73.853635,Sample City,Knife,46,Closed
2024-10-03,21,Drug Offense,18.500164,73.847775,Sample City,Blunt Object,45,Closed
2024-03-27,15,Drug Offense,18.5524,73.891779,Sample City,Blunt Object,37,Open
2024-06-26,20,Fraud,18.50929,73.831693,Sample City,None,27,Open
2023-07-09,22,Fraud,18.510148,73.84554,Sample City,None,57,Closed
2024-11-11,16,Assault,18.547254,73.866351,Sample City,Firearm,34,Open
2024-09-28,16,Fraud,18.527119,73.860767,Sample City,None,36,Open
2023-11-22,11,Theft,18.534393,73.86648,Sample City,Blunt Object,5,Closed
2023-07-19,22,Assault,18.536731,73.867863,Sample City,Knife,30,Closed
2023-06-17,12,Drug Offense,18.545387,73.873761,Sample City,None,49,Under Investigation
2024-09-08,22,Theft,18.544246,73.879335,Sample City,None,47,Under Investigation
2023-04-02,15,Theft,18.503816,73.844701,Sample City,None,53,Open
2023-11-29,16,Robbery,18.526192,73.865975,Sample City,None,5,Closed
2023-06-26,23,Vandalism,18.491391,73.855269,Sample City,Knife,31,Open
2023-01-25,18,Theft,18.528517,73.855908,Sample City,Knife,23,Closed
2023-03-18,23,Theft,18.505596,73.843351,Sample City,Unknown,43,Open
2024-08-08,23,Theft,18.51236,73.849089,Sample City,Blunt Object,25,Closed
2024-01-20,17,Theft,18.582658,73.836024,Sample City,None,34,Open
2024-07-30,18,Robbery,18.489453,73.840821,Sample City,Firearm,57,Open
2023-05-26,16,Theft,18.52154,73.860301,Sample City,None,34,Closed
2023-11-07,12,Vehicle Theft,18.548386,73.882895,Sample City,None,14,Under Investigation
2024-09-29,18,Theft,18.529368,73.870685,Sample City,Knife,42,Under Investigation
2023-04-07,21,Theft,18.518261,73.849662,Sample City,None,35,Under Investigation
2024-09-27,22,Assault,18.530097,73.874697,Sample City,Knife,5,Open
2023-08-26,16,Vehicle Theft,18.544844,73.867525,Sample City,None,36,Open
2024-08-28,11,Robbery,18.517429,73.861525,Sample City,Firearm,26,Open
2023-12-13,20,Robbery,18.535082,73.867335,Sample City,Blunt Object,37,Open
2024-11-14,22,Assault,18.53029,73.855875,Sample City,None,31,Open
2024-09-25,23,Burglary,18.540836,73.877715,Sample City,Knife,5,Open
2024-05-06,15,Drug Offense,18.524369,73.863866,Sample City,None,54,Closed
2023-12-29,23,Robbery,18.524913,73.867649,Sample City,None,35,Under Investigation
2023-10-15,15,Vandalism,18.513832,73.838142,Sample City,Unknown,35,Open
2024-07-25,23,Drug Offense,18.550554,73.849129,Sample City,None,37,Open
2023-11-14,18,Burglary,18.544329,73.878812,Sample City,None,33,Open
2023-11-24,15,Theft,18.524689,73.869315,Sample City,None,16,Closed
2024-09-22,6,Theft,18.496505,73.840902,Sample City,None,59,Closed
2024-07-12,21,Vehicle Theft,18.523972,73.849351,Sample City,None,42,Open
2024-11-07,15,Burglary,18.508484,73.847353,Sample City,None,28,Open
2024-03-21,14,Assault,18.528527,73.877381,Sample City,None,43,Open
2023-03-20,11,Vehicle Theft,18.54108,73.861334,Sample City,None,37,Closed
2024-03-15,19,Theft,18.532832,73.860835,Sample City,None,32,Closed
2023-06-22,15,Fraud,18.538348,73.879508,Sample City,None,42,Closed
2023-05-03,22,Theft,18.523336,73.837573,Sample City,None,36,Open
2023-10-13,18,Vehicle Theft,18.500778,73.846607,Sample City,None,62,Closed
2024-12-24,21,Theft,18.535858,73.866624,Sample City,None,51,Open
2023-06-15,16,Burglary,18.50295,73.826257,Sample City,None,29,Closed
2024-01-25,13,Vandalism,18.531985,73.865001,Sample City,Unknown,17,Closed
2024-02-15,14,Burglary,18.50577,73.844665,Sample City,None,39,Closed
2024-08-03,13,Vehicle Theft,18.55982,73.820264,Sample City,Unknown,28,Closed
2023-03-07,16,Fraud,18.58998,73.8685,Sample City,Blunt Object,36,Closed
2023-03-05,19,Assault,18.525284,73.852013,Sample City,None,40,Closed
2024-12-25,17,Vehicle Theft,18.529964,73.865031,Sample City,None,37,Closed
2024-07-30,16,Assault,18.541604,73.87693,Sample City,None,29,Closed
2023-04-07,23,Fraud,18.546515,73.877848,Sample City,None,28,Closed
2023-01-19,21,Burglary,18.526343,73.858878,Sample City,None,32,Closed
2024-03-28,14,Theft,18.522742,73.8636,Sample City,Blunt Object,37,Closed
2024-12-19,16,Theft,18.540892,73.872977,Sample City,None,27,Open
2024-08-17,11,Robbery,18.530963,73.860018,Sample City,None,42,Closed
2023-09-26,23,Vandalism,18.531799,73.873651,Sample City,Firearm,28,Open
2024-01-26,14,Burglary,18.526723,73.862351,Sample City,None,31,Closed
2024-06-22,7,Assault,18.52734,73.854691,Sample City,None,26,Closed
2023-11-16,22,Theft,18.55467,73.823075,Sample City,Unknown,26,Closed
2024-03-24,19,Theft,18.511659,73.849797,Sample City,Firearm,22,Closed
2023-02-22,12,Assault,18.531422,73.857271,Sample City,Firearm,20,Closed
2024-07-11,23,Robbery,18.531695,73.855753,Sample City,None,22,Open
2024-01-23,15,Vehicle Theft,18.51385,73.852348,Sample City,Knife,43,Closed
2023-04-04,21,Theft,18.536549,73.888875,Sample City,None,29,Closed
2024-10-09,12,Fraud,18.508672,73.843339,Sample City,Blunt Object,42,Closed
2023-12-03,21,Fraud,18.545527,73.832291,Sample City,Knife,40,Open
2024-06-13,16,Burglary,18.539434,73.874485,Sample City,Blunt Object,39,Closed
2024-02-17,22,Vandalism,18.498605,73.845471,Sample City,Firearm,36,Open
2024-12-25,17,Fraud,18.534971,73.85444,Sample City,None,21,Closed
2023-09-17,20,Theft,18.484524,73.870038,Sample City,Firearm,49,Open
2023-04-19,22,Vehicle Theft,18.476904,73.823511,Sample City,None,27,Closed
2023-10-13,23,Theft,18.527141,73.884678,Sample City,Knife,22,Closed
2023-12-18,16,Robbery,18.525833,73.831627,Sample City,Knife,34,Closed
2024-08-25,14,Theft,18.506251,73.849967,Sample City,None,31,Closed
2023-11-18,16,Burglary,18.523052,73.901026,Sample City,None,21,Open
2024-04-09,17,Assault,18.503855,73.856125,Sample City,Blunt Object,35,Closed
2023-09-02,16,Burglary,18.507067,73.838282,Sample City,None,41,Under Investigation
2023-12-01,13,Theft,18.533082,73.856804,Sample City,Firearm,31,Closed
2024-03-21,20,Vandalism,18.506387,73.847813,Sample City,Unknown,25,Open
2024-10-23,14,Fraud,18.524732,73.855039,Sample City,None,20,Closed
2023-09-11,20,Robbery,18.515455,73.865304,Sample City,Unknown,33,Open
2023-05-25,12,Vehicle Theft,18.534766,73.852474,Sample City,Knife,60,Open
2024-09-12,23,Theft,18.525592,73.855138,Sample City,Blunt Object,63,Closed
2023-12-01,12,Vehicle Theft,18.505034,73.845517,Sample City,Blunt Object,31,Closed
2023-02-15,23,Burglary,18.533715,73.872345,Sample City,None,32,Closed
2024-07-06,11,Drug Offense,18.527104,73.85428,Sample City,Blunt Object,33,Under Investigation
2024-01-29,14,Vandalism,18.535299,73.859533,Sample City,Blunt Object,31,Closed
2024-08-01,23,Fraud,18.465477,73.86272,Sample City,None,44,Under Investigation
2023-08-20,17,Theft,18.535895,73.863938,Sample City,Blunt Object,27,Closed
2024-10-06,19,Vehicle Theft,18.525585,73.861222,Sample City,None,48,Under Investigation
2023-01-10,23,Vandalism,18.502866,73.843468,Sample City,Blunt Object,63,Open
2024-08-20,23,Assault,18.530555,73.847838,Sample City,None,36,Closed
2023-09-02,21,Fraud,18.537782,73.859863,Sample City,None,21,Open
2024-04-20,11,Fraud,18.539692,73.858066,Sample City,None,46,Under Investigation
2024-05-16,16,Fraud,18.522926,73.867126,Sample City,None,38,Closed
2023-01-25,23,Vehicle Theft,18.523998,73.855934,Sample City,Blunt Object,16,Closed
2024-10-24,22,Theft,18.484037,73.881727,Sample City,None,54,Closed
2024-12-14,18,Theft,18.45522,73.882123,Sample City,Firearm,20,Under Investigation
2024-07-04,23,Assault,18.543079,73.873443,Sample City,Blunt Object,25,Open
2023-06-26,18,Assault,18.493079,73.859456,Sample City,Knife,28,Open
2024-03-09,18,Fraud,18.51257,73.850395,Sample City,None,29,Closed
2023-02-16,20,Theft,18.522502,73.891556,Sample City,None,45,Under Investigation
2024-01-13,9,Burglary,18.541137,73.881006,Sample City,Firearm,23,Closed
2024-04-05,23,Theft,18.583556,73.823308,Sample City,None,40,Open
2024-03-14,19,Vandalism,18.532545,73.86086,Sample City,None,52,Open
2023-05-24,11,Theft,18.528679,73.847593,Sample City,None,41,Open
2024-02-22,9,Vehicle Theft,18.536507,73.856535,Sample City,None,33,Open
2024-09-30,23,Vehicle Theft,18.530621,73.847027,Sample City,None,31,Open
2024-06-05,11,Fraud,18.534988,73.858911,Sample City,Unknown,42,Closed
2024-05-16,17,Burglary,18.510869,73.841311,Sample City,None,21,Open
2024-05-03,13,Robbery,18.513072,73.84399,Sample City,None,48,Closed
2024-06-12,19,Theft,18.548994,73.865314,Sample City,None,23,Closed
2023-03-31,9,Vandalism,18.526708,73.860557,Sample City,Knife,40,Closed
2023-08-12,17,Fraud,18.522838,73.865515,Sample City,Blunt Object,49,Under Investigation
2024-03-01,23,Vandalism,18.465821,73.835904,Sample City,Knife,12,Closed
2023-01-19,23,Assault,18.524214,73.857419,Sample City,None,48,Closed
2023-06-09,18,Vandalism,18.500227,73.852635,Sample City,None,35,Closed
2023-01-29,18,Theft,18.529387,73.862456,Sample City,None,27,Closed
2024-10-10,23,Vehicle Theft,18.529439,73.861374,Sample City,None,36,Under Investigation
2023-04-23,23,Fraud,18.533174,73.847766,Sample City,Blunt Object,58,Closed
2024-12-06,9,Robbery,18.522431,73.85481,Sample City,None,40,Closed
2024-02-20,12,Assault,18.531751,73.865397,Sample City,None,37,Closed
2024-09-27,20,Theft,18.531595,73.870615,Sample City,Blunt Object,27,Open
2023-12-19,20,Assault,18.531713,73.855822,Sample City,None,44,Open
2023-12-26,23,Vehicle Theft,18.527614,73.784108,Sample City,None,34,Closed
2023-05-27,23,Drug Offense,18.537068,73.859387,Sample City,None,29,Under Investigation
2023-01-14,23,Vandalism,18.533935,73.861168,Sample City,Knife,29,Open
2023-06-03,16,Theft,18.52624,73.865174,Sample City,Firearm,42,Closed
2024-07-15,23,Fraud,18.533041,73.838885,Sample City,Knife,40,Open
2023-02-18,15,Fraud,18.520158,73.850205,Sample City,Unknown,28,Open
2023-02-26,23,Vandalism,18.463592,73.863099,Sample City,None,32,Open
2024-08-09,18,Drug Offense,18.525385,73.854361,Sample City,None,40,Closed
2023-09-19,14,Drug Offense,18.51036,73.846664,Sample City,None,36,Closed
2023-06-26,23,Fraud,18.511258,73.84205,Sample City,Knife,38,Closed
2023-07-27,20,Theft,18.509847,73.834386,Sample City,Firearm,20,Open
2024-09-04,14,Theft,18.528033,73.860931,Sample City,None,45,Open
2024-10-13,23,Assault,18.551223,73.836788,Sample City,Unknown,30,Open
2024-05-28,23,Vehicle Theft,18.539413,73.852031,Sample City,Firearm,46,Under Investigation
2024-07-24,16,Assault,18.50187,73.847218,Sample City,Unknown,33,Closed
2023-09-27,23,Drug Offense,18.526697,73.852676,Sample City,None,28,Closed
2024-03-19,15,Vandalism,18.544023,73.868569,Sample City,Firearm,26,Open
2024-10-11,14,Theft,18.524596,73.86383,Sample City,None,15,Closed
2023-12-26,22,Robbery,18.538628,73.869034,Sample City,None,5,Closed
2023-08-16,22,Burglary,18.580937,73.86319,Sample City,Unknown,40,Open
2023-07-13,19,Assault,18.508574,73.846153,Sample City,None,50,Open
2023-12-01,10,Theft,18.514021,73.849062,Sample City,None,22,Open
2024-11-30,19,Vehicle Theft,18.50583,73.844753,Sample City,None,34,Closed
2024-07-24,13,Fraud,18.532033,73.854035,Sample City,Knife,34,Closed
2023-08-01,23,Vandalism,18.533831,73.858579,Sample City,None,31,Open
2024-11-30,10,Burglary,18.503466,73.844065,Sample City,Knife,34,Open
2023-11-12,11,Theft,18.553126,73.863633,Sample City,Blunt Object,28,Under Investigation
2024-12-02,19,Theft,18.507523,73.874357,Sample City,None,35,Closed
2024-07-06,18,Vandalism,18.512555,73.845115,Sample City,None,17,Closed
2023-12-31,22,Theft,18.538905,73.862134,Sample City,Knife,29,Open
2023-11-09,18,Vandalism,18.53718,73.876595,Sample City,None,26,Open
2023-10-14,20,Vehicle Theft,18.536104,73.882928,Sample City,Knife,33,Closed
2023-09-19,12,Theft,18.532594,73.809312,Sample City,Unknown,40,Open
2023-07-26,19,Burglary,18.531283,73.858864,Sample City,Knife,39,Closed
2024-10-14,23,Burglary,18.493436,73.816791,Sample City,None,27,Open
2023-06-01,19,Assault,18.535321,73.857475,Sample City,Blunt Object,40,Closed
2023-04-21,19,Assault,18.514081,73.852155,Sample City,None,44,Open
2024-12-11,15,Assault,18.505946,73.845205,Sample City,None,19,Open
2024-09-11,10,Assault,18.556921,73.881317,Sample City,Firearm,23,Closed
2024-04-27,19,Vandalism,18.538758,73.849679,Sample City,None,22,Closed
2024-06-05,17,Burglary,18.530469,73.879758,Sample City,None,35,Closed
2024-06-05,23,Vandalism,18.536435,73.88333,Sample City,Firearm,31,Under Investigation
2023-09-02,23,Robbery,18.53665,73.868399,Sample City,Unknown,43,Closed
2023-10-08,18,Theft,18.534173,73.865095,Sample City,Firearm,37,Closed
2024-06-08,17,Fraud,18.540042,73.871038,Sample City,Knife,35,Closed
2023-07-31,20,Fraud,18.537127,73.869823,Sample City,None,41,Closed
2024-02-05,13,Assault,18.537784,73.87586,Sample City,Knife,18,Open
2024-07-26,16,Vandalism,18.499844,73.852153,Sample City,None,11,Open
2024-04-06,17,Fraud,18.548324,73.88188,Sample City,None,16,Open
2024-12-09,17,Vandalism,18.52203,73.860465,Sample City,Firearm,20,Closed
2023-12-19,14,Vandalism,18.525029,73.856023,Sample City,Unknown,19,Closed
2023-03-09,23,Vandalism,18.5295,73.861114,Sample City,None,48,Open
2024-05-30,11,Theft,18.544742,73.822252,Sample City,Knife,43,Under Investigation
2024-03-04,23,Assault,18.513953,73.865004,Sample City,None,46,Closed
2024-09-05,21,Vehicle Theft,18.529341,73.862985,Sample City,None,19,Open
2023-11-13,16,Vandalism,18.531899,73.861138,Sample City,None,12,Closed
2023-03-08,20,Vandalism,18.514845,73.839161,Sample City,None,29,Open
2024-03-18,16,Vehicle Theft,18.54023,73.858195,Sample City,Blunt Object,34,Closed
2023-05-27,23,Vandalism,18.522679,73.87898,Sample City,None,40,Open
2023-07-16,23,Vandalism,18.546438,73.889183,Sample City,Blunt Object,28,Closed
2023-11-20,21,Theft,18.526365,73.870316,Sample City,Blunt Object,34,Open
2023-02-11,22,Theft,18.530152,73.848482,Sample City,Firearm,31,Closed
2023-02-21,21,Drug Offense,18.528326,73.858321,Sample City,Blunt Object,19,Closed
2024-01-11,8,Assault,18.523489,73.855048,Sample City,Blunt Object,38,Closed
2023-09-16,22,Drug Offense,18.539247,73.876967,Sample City,None,32,Closed
2024-05-09,19,Vandalism,18.532205,73.858119,Sample City,None,33,Closed
2023-06-17,19,Theft,18.513333,73.839488,Sample City,None,52,Open
2023-03-18,19,Robbery,18.535743,73.867449,Sample City,None,13,Open
2023-10-31,23,Vandalism,18.536128,73.872531,Sample City,Firearm,5,Open
2024-01-24,20,Theft,18.531967,73.865546,Sample City,None,20,Open
2023-05-30,5,Theft,18.535151,73.858592,Sample City,Blunt Object,35,Open
2023-07-04,23,Fraud,18.518785,73.850981,Sample City,Blunt Object,33,Closed
2024-09-16,18,Theft,18.502085,73.843782,Sample City,None,44,Closed
2024-01-31,15,Assault,18.512129,73.884921,Sample City,Blunt Object,34,Closed
2023-06-10,12,Theft,18.464103,73.875291,Sample City,None,14,Closed
2023-01-07,22,Burglary,18.559082,73.88574,Sample City,None,18,Closed
2024-07-13,23,Fraud,18.498375,73.85916,Sample City,Blunt Object,36,Closed
2023-05-05,19,Vandalism,18.51842,73.849187,Sample City,Unknown,30,Closed
2024-04-06,18,Vandalism,18.511144,73.850648,Sample City,None,17,Open
2024-10-24,12,Theft,18.527777,73.851567,Sample City,Knife,32,Closed
2023-07-18,13,Vehicle Theft,18.55365,73.874603,Sample City,Knife,42,Open
2024-03-10,23,Fraud,18.52392,73.864207,Sample City,Firearm,17,Closed
2023-11-12,20,Theft,18.524303,73.868608,Sample City,Knife,13,Open
2024-10-19,16,Robbery,18.510517,73.878656,Sample City,None,39,Open
2024-08-11,13,Theft,18.555242,73.832362,Sample City,None,29,Closed
2023-01-11,22,Fraud,18.522792,73.864151,Sample City,None,47,Closed
2024-03-04,19,Fraud,18.515801,73.846983,Sample City,None,32,Closed
2024-11-09,20,Theft,18.534222,73.860955,Sample City,Unknown,6,Under Investigation
2023-02-08,23,Vandalism,18.544151,73.884584,Sample City,None,25,Under Investigation
2024-04-18,15,Vandalism,18.536678,73.866466,Sample City,Knife,26,Open
2024-09-03,21,Vandalism,18.580012,73.840771,Sample City,Blunt Object,47,Closed
2023-10-21,20,Theft,18.490992,73.948558,Sample City,Unknown,18,Closed
2024-03-18,13,Drug Offense,18.525155,73.859106,Sample City,Blunt Object,39,Open
2024-12-28,20,Burglary,18.547261,73.837753,Sample City,Blunt Object,32,Open
2023-02-21,15,Burglary,18.528765,73.855521,Sample City,None,23,Open
2023-07-23,15,Assault,18.529629,73.862877,Sample City,None,44,Open
2023-06-03,17,Assault,18.527263,73.861089,Sample City,Blunt Object,35,Open
2024-08-09,20,Burglary,18.533439,73.849285,Sample City,None,19,Closed
2023-08-12,13,Vandalism,18.529516,73.855002,Sample City,Knife,5,Closed
2024-01-28,17,Theft,18.507976,73.880877,Sample City,None,42,Closed
2024-09-19,10,Burglary,18.527453,73.866215,Sample City,Firearm,20,Open
2024-02-27,23,Theft,18.541572,73.867469,Sample City,Knife,30,Closed
2023-07-23,15,Fraud,18.522251,73.861745,Sample City,None,25,Under Investigation
2023-10-01,16,Theft,18.487254,73.863316,Sample City,Knife,46,Closed
2023-06-10,21,Theft,18.536,73.827365,Sample City,None,28,Open
2024-07-01,18,Assault,18.536445,73.893569,Sample City,None,17,Closed
2024-10-25,7,Fraud,18.500714,73.834713,Sample City,None,6,Closed
2023-05-05,19,Robbery,18.51703,73.842808,Sample City,Unknown,6,Closed
2023-11-16,17,Theft,18.530338,73.856927,Sample City,None,35,Open
2023-07-25,16,Fraud,18.511495,73.839639,Sample City,None,18,Closed
2024-02-18,18,Theft,18.514524,73.83829,Sample City,None,40,Closed
2023-01-22,19,Vehicle Theft,18.505784,73.837772,Sample City,None,35,Closed
2023-07-22,23,Vehicle Theft,18.531988,73.8632,Sample City,None,49,Open
2024-09-01,22,Theft,18.525079,73.852492,Sample City,None,29,Open
2024-01-02,18,Vandalism,18.529669,73.862909,Sample City,Firearm,12,Closed
2023-02-10,14,Assault,18.543397,73.879194,Sample City,Blunt Object,52,Under Investigation
2023-07-18,16,Assault,18.554469,73.823511,Sample City,None,26,Closed
2023-12-26,22,Burglary,18.499076,73.84662,Sample City,None,12,Open
2024-04-25,23,Drug Offense,18.547582,73.869922,Sample City,None,41,Open
2024-02-26,13,Vehicle Theft,18.539264,73.87556,Sample City,None,30,Open
2024-01-24,10,Vehicle Theft,18.510432,73.843727,Sample City,Blunt Object,38,Under Investigation
2023-02-06,19,Burglary,18.528553,73.869838,Sample City,None,28,Closed
2024-08-22,8,Assault,18.516496,73.842173,Sample City,Blunt Object,28,Open
2024-09-05,16,Fraud,18.520884,73.843007,Sample City,Blunt Object,16,Closed
2024-01-24,18,Assault,18.531143,73.862695,Sample City,None,25,Closed
2023-02-19,14,Robbery,18.572104,73.871673,Sample City,Unknown,29,Closed
2024-08-31,21,Assault,18.516888,73.866863,Sample City,None,46,Open
2023-02-21,12,Theft,18.536944,73.86772,Sample City,Blunt Object,27,Open
2023-06-18,23,Vehicle Theft,18.530919,73.866109,Sample City,None,32,Under Investigation
2024-04-04,23,Burglary,18.527158,73.877482,Sample City,Knife,25,Closed
2024-08-31,23,Burglary,18.511442,73.864921,Sample City,None,33,Under Investigation
2023-08-14,9,Theft,18.554101,73.859014,Sample City,None,41,Open
2024-06-15,23,Fraud,18.517566,73.869288,Sample City,Unknown,17,Closed
2024-04-26,15,Vehicle Theft,18.522603,73.846609,Sample City,None,36,Closed
2023-04-27,17,Fraud,18.516511,73.867568,Sample City,Blunt Object,17,Open
2023-06-20,21,Drug Offense,18.523204,73.862066,Sample City,None,27,Open
2024-03-01,18,Robbery,18.507847,73.844511,Sample City,None,31,Under Investigation
2024-10-22,23,Theft,18.523883,73.865607,Sample City,None,6,Closed
2024-08-19,9,Drug Offense,18.499171,73.835335,Sample City,None,24,Open
2023-11-19,13,Burglary,18.520072,73.836975,Sample City,None,12,Closed
2023-04-19,14,Assault,18.502205,73.870377,Sample City,Knife,15,Open
2024-04-13,21,Drug Offense,18.524326,73.863649,Sample City,None,28,Open
2024-05-06,17,Theft,18.535852,73.863094,Sample City,Firearm,46,Closed
2024-09-24,17,Robbery,18.535358,73.870978,Sample City,None,10,Closed
2024-11-13,23,Robbery,18.507766,73.847624,Sample City,Firearm,38,Open
2023-07-04,23,Assault,18.540303,73.834973,Sample City,Knife,37,Closed
2023-07-21,15,Vandalism,18.499677,73.855966,Sample City,None,40,Closed
2024-09-12,17,Drug Offense,18.528913,73.827064,Sample City,None,6,Closed
2024-02-05,16,Vandalism,18.523575,73.871469,Sample City,Unknown,21,Open
2024-01-01,10,Drug Offense,18.569066,73.915234,Sample City,None,44,Open
2024-05-24,19,Vandalism,18.52727,73.800963,Sample City,Knife,33,Under Investigation
2024-04-28,23,Theft,18.524714,73.855727,Sample City,Firearm,52,Open
2023-03-10,15,Assault,18.50473,73.842732,Sample City,Firearm,35,Closed
2023-07-05,19,Drug Offense,18.524502,73.868133,Sample City,Unknown,28,Closed
2024-03-19,12,Theft,18.517086,73.865259,Sample City,None,24,Open
2024-09-29,16,Assault,18.548511,73.860073,Sample City,None,44,Closed
2023-04-04,23,Vandalism,18.532031,73.854372,Sample City,Firearm,40,Under Investigation
2023-01-19,16,Robbery,18.502909,73.847697,Sample City,Blunt Object,11,Open
2024-03-03,14,Theft,18.539677,73.869106,Sample City,None,33,Closed
2023-01-31,23,Theft,18.536623,73.862851,Sample City,None,31,Closed
2024-06-17,23,Burglary,18.530752,73.895295,Sample City,None,15,Closed
2024-07-13,13,Vandalism,18.527755,73.859067,Sample City,None,46,Closed
2024-12-08,16,Assault,18.531308,73.854127,Sample City,None,30,Open
2023-10-20,10,Vandalism,18.52761,73.870884,Sample City,None,15,Closed
2024-11-27,18,Robbery,18.541035,73.878065,Sample City,Knife,17,Closed
2024-06-20,23,Drug Offense,18.523294,73.857848,Sample City,Knife,46,Open
2024-02-18,17,Assault,18.495913,73.859044,Sample City,None,41,Open
2024-08-27,18,Vandalism,18.513034,73.853935,Sample City,Blunt Object,22,Closed
2024-02-28,19,Burglary,18.542616,73.859807,Sample City,Blunt Object,37,Under Investigation
2023-11-18,12,Theft,18.53595,73.872582,Sample City,Knife,50,Under Investigation
2024-08-21,20,Assault,18.526356,73.859537,Sample City,Blunt Object,46,Closed
2024-03-12,21,Burglary,18.557634,73.873911,Sample City,Knife,30,Open
2024-01-18,22,Theft,18.518402,73.848325,Sample City,None,18,Open
2023-10-18,4,Assault,18.526771,73.859185,Sample City,Blunt Object,56,Open
2024-02-18,19,Vehicle Theft,18.530759,73.855593,Sample City,None,44,Open
2023-02-03,16,Theft,18.542622,73.863578,Sample City,None,29,Open
2023-04-15,23,Theft,18.531915,73.860786,Sample City,None,6,Closed
2023-01-18,13,Theft,18.514155,73.858059,Sample City,Unknown,25,Closed
2023-06-22,22,Burglary,18.492663,73.808772,Sample City,None,44,Under Investigation
2024-12-25,21,Fraud,18.537084,73.856236,Sample City,None,27,Closed
2023-09-01,16,Robbery,18.543001,73.871798,Sample City,Blunt Object,51,Closed
2023-04-13,23,Assault,18.525192,73.845713,Sample City,None,5,Under Investigation
2023-04-26,16,Vandalism,18.503994,73.843298,Sample City,None,17,Closed
2023-12-11,23,Theft,18.502918,73.846581,Sample City,Firearm,51,Open
2024-05-22,23,Vandalism,18.500272,73.847602,Sample City,Knife,35,Closed
2024-01-11,9,Vandalism,18.540857,73.851155,Sample City,None,31,Closed
2023-03-08,23,Assault,18.517006,73.817724,Sample City,None,57,Under Investigation
2024-10-12,23,Assault,18.531374,73.866446,Sample City,Firearm,36,Under Investigation
2023-06-30,21,Robbery,18.525008,73.85617,Sample City,None,9,Closed
2023-06-06,15,Fraud,18.530428,73.852239,Sample City,None,13,Closed
2024-04-29,21,Vehicle Theft,18.523822,73.836123,Sample City,Firearm,34,Open
2023-06-11,23,Theft,18.512101,73.870227,Sample City,Firearm,32,Closed
2023-08-10,22,Vandalism,18.533358,73.861125,Sample City,Unknown,40,Closed
2023-05-31,9,Assault,18.513187,73.854735,Sample City,Knife,32,Closed
2024-07-25,17,Fraud,18.525,73.85617,Sample City,Blunt Object,40,Closed
2023-02-15,14,Theft,18.530951,73.868058,Sample City,None,31,Closed
2024-09-17,16,Vandalism,18.543886,73.843766,Sample City,Unknown,37,Closed
2023-03-29,23,Drug Offense,18.530963,73.873275,Sample City,None,24,Under Investigation
2024-11-21,23,Theft,18.514388,73.848543,Sample City,Firearm,26,Closed
2023-02-09,17,Fraud,18.529612,73.860437,Sample City,None,53,Open
2024-06-09,23,Burglary,18.480061,73.863048,Sample City,Blunt Object,35,Closed
2023-09-22,20,Theft,18.556946,73.888421,Sample City,None,39,Under Investigation
2023-07-17,23,Assault,18.546391,73.883716,Sample City,None,23,Open
2023-09-09,5,Drug Offense,18.531385,73.867105,Sample City,None,43,Closed
2024-04-29,11,Assault,18.538911,73.874362,Sample City,Blunt Object,52,Open
2023-12-01,23,Burglary,18.490538,73.911518,Sample City,None,22,Closed
2023-09-09,11,Theft,18.544195,73.853038,Sample City,Unknown,27,Closed
2024-11-09,14,Burglary,18.524883,73.848048,Sample City,None,29,Closed
2024-08-08,15,Vandalism,18.509361,73.842277,Sample City,None,8,Under Investigation
2023-12-19,20,Vehicle Theft,18.528721,73.856032,Sample City,Blunt Object,12,Open
2024-08-20,23,Theft,18.477765,73.841186,Sample City,None,26,Open
2023-08-01,9,Drug Offense,18.531412,73.852045,Sample City,Unknown,17,Closed
2023-08-22,21,Theft,18.523662,73.853649,Sample City,Knife,25,Open
2024-02-02,21,Theft,18.54291,73.872193,Sample City,Blunt Object,27,Open
2023-07-30,12,Burglary,18.506165,73.839655,Sample City,None,12,Closed
2024-06-23,14,Burglary,18.538675,73.860098,Sample City,None,37,Closed
2023-02-01,17,Vehicle Theft,18.529195,73.862473,Sample City,None,17,Closed
2023-09-08,13,Theft,18.547889,73.871607,Sample City,Unknown,37,Under Investigation
2023-02-20,12,Vandalism,18.555857,73.871127,Sample City,None,18,Open
2023-05-24,15,Vandalism,18.534192,73.873138,Sample City,Knife,19,Closed
2024-08-07,17,Vandalism,18.5391,73.866401,Sample City,None,41,Closed
2023-10-10,16,Drug Offense,18.521625,73.863548,Sample City,None,28,Closed
2024-10-07,23,Theft,18.531917,73.869922,Sample City,None,60,Under Investigation
2024-11-26,22,Drug Offense,18.525564,73.867151,Sample City,None,50,Open
2023-11-06,20,Burglary,18.53181,73.861053,Sample City,None,30,Closed
2024-08-15,15,Fraud,18.5658,73.868641,Sample City,None,9,Closed
2024-08-10,17,Theft,18.562204,73.878016,Sample City,None,45,Closed
2023-05-17,20,Theft,18.517953,73.836559,Sample City,None,51,Closed
2023-12-13,19,Vandalism,18.529475,73.86329,Sample City,None,43,Closed
2024-02-06,21,Robbery,18.535762,73.862775,Sample City,Firearm,23,Closed
2024-04-18,17,Fraud,18.464587,73.882627,Sample City,Knife,22,Closed
2023-03-06,21,Theft,18.545121,73.872784,Sample City,None,37,Open
2023-05-24,22,Drug Offense,18.585923,73.873815,Sample City,Knife,9,Closed
2024-01-21,15,Assault,18.530397,73.861795,Sample City,None,36,Closed
2024-12-08,20,Fraud,18.538748,73.851023,Sample City,Knife,34,Open
2024-01-21,20,Theft,18.508504,73.86001,Sample City,Blunt Object,7,Open
2023-07-22,9,Vehicle Theft,18.525438,73.871595,Sample City,Unknown,41,Closed
2023-09-03,23,Burglary,18.509822,73.841723,Sample City,None,36,Under Investigation
2023-11-10,16,Theft,18.5094,73.835426,Sample City,None,39,Closed
2023-07-11,16,Burglary,18.517065,73.843725,Sample City,Knife,30,Closed
2023-03-14,23,Assault,18.528342,73.855104,Sample City,Knife,41,Closed
2024-11-05,18,Drug Offense,18.504218,73.838071,Sample City,Knife,23,Closed
2024-01-11,18,Robbery,18.531155,73.866869,Sample City,None,36,Closed
2024-02-29,16,Drug Offense,18.489809,73.862891,Sample City,Knife,49,Under Investigation
2024-10-25,22,Assault,18.52405,73.856203,Sample City,None,45,Closed
2023-08-27,13,Vehicle Theft,18.527324,73.860679,Sample City,None,30,Open
2023-01-16,18,Fraud,18.520072,73.83353,Sample City,Blunt Object,25,Open
2023-04-08,19,Assault,18.546837,73.872676,Sample City,Unknown,37,Open
2024-06-23,18,Assault,18.513573,73.841461,Sample City,None,24,Under Investigation
2024-08-08,23,Theft,18.509624,73.846459,Sample City,Unknown,29,Open
2023-11-21,14,Theft,18.519353,73.835817,Sample City,None,40,Closed
2024-03-01,23,Assault,18.526354,73.859176,Sample City,Firearm,44,Closed
2023-01-29,19,Assault,18.536422,73.867631,Sample City,None,31,Under Investigation
2024-09-22,11,Assault,18.560541,73.867762,Sample City,Unknown,5,Closed
2024-02-06,23,Theft,18.535405,73.874793,Sample City,Blunt Object,29,Closed
2023-12-09,16,Theft,18.528828,73.875674,Sample City,None,41,Open
2023-05-02,21,Assault,18.474116,73.851881,Sample City,Unknown,29,Closed
2024-12-19,14,Theft,18.55088,73.872943,Sample City,None,43,Open
2024-03-18,16,Fraud,18.517465,73.823462,Sample City,None,31,Closed
2023-12-15,23,Drug Offense,18.558923,73.783908,Sample City,None,28,Closed
2023-11-27,20,Assault,18.520726,73.873532,Sample City,None,18,Closed
2023-03-02,17,Burglary,18.523716,73.837911,Sample City,None,17,Open
2024-10-26,17,Theft,18.534787,73.848844,Sample City,None,32,Closed
2023-10-24,18,Robbery,18.58005,73.925115,Sample City,None,46,Closed
2023-05-05,11,Burglary,18.53772,73.85634,Sample City,Blunt Object,17,Closed
2024-08-14,15,Burglary,18.465143,73.883462,Sample City,None,23,Open
2024-02-21,23,Robbery,18.532958,73.859655,Sample City,Firearm,34,Closed
2023-06-28,15,Drug Offense,18.535986,73.858279,Sample City,Unknown,17,Closed
2024-06-21,11,Assault,18.523273,73.865576,Sample City,None,17,Open
2023-11-21,20,Theft,18.529591,73.862184,Sample City,Knife,32,Closed
2024-03-11,14,Fraud,18.527254,73.861114,Sample City,None,40,Closed
2024-02-02,17,Theft,18.53724,73.850837,Sample City,None,23,Closed
2023-10-13,15,Theft,18.502842,73.819489,Sample City,None,40,Open
2023-09-20,13,Theft,18.51061,73.845634,Sample City,Firearm,45,Open
2023-08-10,16,Burglary,18.53628,73.864561,Sample City,Firearm,42,Closed
2024-03-21,21,Theft,18.540841,73.822089,Sample City,None,50,Open
2024-01-14,9,Theft,18.55169,73.881151,Sample City,None,31,Open
2023-03-19,22,Fraud,18.532425,73.864295,Sample City,None,38,Closed
2023-12-01,16,Vandalism,18.576169,73.886165,Sample City,None,32,Closed
2024-08-03,7,Theft,18.532421,73.85537,Sample City,Knife,56,Under Investigation
2023-03-24,16,Assault,18.500395,73.862638,Sample City,Unknown,24,Closed
2024-06-21,23,Assault,18.501699,73.866852,Sample City,Unknown,15,Open
2024-12-12,21,Vandalism,18.54458,73.878068,Sample City,None,44,Closed
2023-01-30,23,Vandalism,18.516645,73.882106,Sample City,None,26,Open
2023-08-16,15,Vehicle Theft,18.531203,73.863653,Sample City,None,32,Closed
2023-07-15,15,Vandalism,18.517532,73.850675,Sample City,None,27,Closed
2023-12-02,20,Fraud,18.516616,73.885719,Sample City,None,25,Closed
2024-02-06,17,Assault,18.510182,73.871704,Sample City,None,46,Open
2023-05-18,23,Theft,18.482188,73.866751,Sample City,None,35,Closed
2024-03-11,22,Robbery,18.485687,73.816706,Sample City,Firearm,48,Closed
2024-12-03,13,Theft,18.5351,73.862506,Sample City,Blunt Object,37,Closed
2023-02-11,22,Assault,18.515075,73.848084,Sample City,Knife,37,Open
2023-05-02,14,Theft,18.522767,73.842859,Sample City,None,38,Under Investigation
2024-10-27,20,Theft,18.530023,73.869733,Sample City,None,20,Closed
2023-10-23,14,Robbery,18.506954,73.833844,Sample City,None,15,Under Investigation
2024-10-24,22,Vandalism,18.54176,73.870543,Sample City,None,31,Open
2023-04-14,20,Theft,18.538151,73.857875,Sample City,None,21,Open
2024-04-23,23,Vandalism,18.505769,73.88893,Sample City,Knife,36,Open
2024-08-30,23,Vehicle Theft,18.531008,73.865671,Sample City,Unknown,46,Closed
2024-10-26,23,Burglary,18.5113,73.84318,Sample City,None,15,Open
2024-06-22,18,Theft,18.524366,73.853258,Sample City,Unknown,31,Closed
2023-01-21,23,Theft,18.546585,73.827715,Sample City,Blunt Object,14,Open
2023-01-13,17,Fraud,18.524622,73.861316,Sample City,Unknown,37,Open
2023-04-10,16,Theft,18.518713,73.845085,Sample City,None,21,Closed
2023-05-02,17,Theft,18.522938,73.870923,Sample City,None,29,Closed
2023-11-22,23,Theft,18.557238,73.85635,Sample City,None,43,Closed
2023-12-13,17,Fraud,18.530857,73.86006,Sample City,Knife,47,Under Investigation
2023-04-16,17,Theft,18.503017,73.85599,Sample City,Firearm,37,Open
2024-07-10,19,Burglary,18.528406,73.866219,Sample City,None,28,Open
2023-06-20,20,Theft,18.520004,73.842531,Sample City,None,47,Closed
2024-09-24,16,Burglary,18.474052,73.840521,Sample City,None,55,Closed
2024-02-18,23,Robbery,18.527896,73.858006,Sample City,None,27,Open
2024-11-26,23,Burglary,18.528508,73.86376,Sample City,None,38,Closed
2023-06-10,17,Drug Offense,18.518892,73.843301,Sample City,Firearm,18,Closed
2023-03-21,12,Vandalism,18.533914,73.850212,Sample City,Firearm,40,Closed
2023-07-01,23,Theft,18.538612,73.871541,Sample City,None,45,Open
2023-09-05,17,Theft,18.529504,73.861459,Sample City,Blunt Object,35,Closed
2024-07-15,17,Vehicle Theft,18.504043,73.836329,Sample City,None,46,Closed
2024-08-10,16,Vehicle Theft,18.53635,73.878555,Sample City,None,41,Open
2024-05-01,8,Burglary,18.514337,73.845671,Sample City,None,57,Closed
2024-04-18,19,Robbery,18.502866,73.844701,Sample City,None,30,Under Investigation
2024-08-09,3,Fraud,18.52181,73.864209,Sample City,None,33,Closed
2024-09-16,21,Theft,18.536624,73.858462,Sample City,Firearm,27,Open
2024-04-11,22,Drug Offense,18.526007,73.864331,Sample City,None,20,Under Investigation
2024-05-26,16,Burglary,18.522902,73.858483,Sample City,Blunt Object,35,Under Investigation
2024-09-11,2,Burglary,18.526078,73.879696,Sample City,Blunt Object,22,Closed
2023-06-23,18,Assault,18.546531,73.858166,Sample City,None,49,Open
2023-12-03,21,Robbery,18.493865,73.841082,Sample City,None,8,Closed
2023-06-27,23,Theft,18.478537,73.835463,Sample City,Firearm,28,Open
2023-05-30,17,Drug Offense,18.514539,73.833516,Sample City,None,36,Closed
2023-12-26,22,Burglary,18.53905,73.873897,Sample City,None,29,Closed
2023-02-07,19,Assault,18.545213,73.867882,Sample City,None,49,Open
2023-01-14,18,Vehicle Theft,18.505162,73.845454,Sample City,Knife,21,Closed
2024-01-09,23,Vehicle Theft,18.526629,73.862876,Sample City,Knife,29,Closed
2023-04-10,17,Assault,18.535224,73.865693,Sample City,None,35,Closed
2023-02-10,16,Fraud,18.531145,73.859782,Sample City,None,33,Closed
2024-03-09,17,Vehicle Theft,18.526352,73.853913,Sample City,None,29,Closed
2023-04-17,23,Fraud,18.498063,73.844269,Sample City,Unknown,48,Closed
2023-02-22,15,Drug Offense,18.527452,73.863,Sample City,Knife,51,Open
2023-10-21,18,Theft,18.495738,73.820121,Sample City,None,24,Closed
2023-09-25,13,Fraud,18.50744,73.868036,Sample City,Firearm,27,Open
2024-12-20,16,Robbery,18.524623,73.861821,Sample City,Unknown,47,Closed
2024-04-20,23,Fraud,18.532526,73.86601,Sample City,Knife,35,Open
2023-12-05,16,Theft,18.506944,73.863857,Sample City,None,19,Closed
2023-03-29,18,Vehicle Theft,18.507241,73.84826,Sample City,Blunt Object,34,Closed
2024-04-10,21,Theft,18.511682,73.838877,Sample City,None,29,Closed
2023-05-23,20,Fraud,18.536143,73.857579,Sample City,Firearm,47,Open
2023-11-27,17,Vehicle Theft,18.542877,73.874581,Sample City,None,19,Under Investigation
2024-06-12,23,Burglary,18.500729,73.849629,Sample City,None,23,Closed
2024-01-19,16,Burglary,18.521168,73.851757,Sample City,Knife,45,Open
2024-04-17,19,Burglary,18.543389,73.884815,Sample City,None,27,Closed
2023-12-07,20,Burglary,18.529311,73.863401,Sample City,None,53,Closed
2023-06-30,23,Fraud,18.519226,73.858019,Sample City,None,47,Open
2023-01-06,16,Robbery,18.54959,73.879401,Sample City,Unknown,32,Under Investigation
2023-02-17,11,Burglary,18.530932,73.862389,Sample City,None,29,Closed
2024-04-29,21,Drug Offense,18.537728,73.860087,Sample City,None,29,Open
2024-01-22,23,Robbery,18.527375,73.883745,Sample City,Firearm,23,Open
2024-05-21,8,Burglary,18.539048,73.856877,Sample City,Blunt Object,31,Closed
2023-02-13,17,Assault,18.53065,73.848561,Sample City,None,40,Under Investigation
2023-05-26,9,Drug Offense,18.528169,73.866281,Sample City,Firearm,17,Closed
2023-07-11,13,Vehicle Theft,18.499614,73.855066,Sample City,Firearm,29,Open
2024-02-15,14,Theft,18.519262,73.845512,Sample City,None,33,Open
2024-01-29,18,Theft,18.510519,73.842455,Sample City,Knife,38,Closed
2024-10-23,21,Assault,18.465777,73.835527,Sample City,None,17,Open
2024-11-12,22,Fraud,18.505399,73.845408,Sample City,Knife,46,Under Investigation
2023-03-27,13,Robbery,18.521375,73.880868,Sample City,None,32,Closed
2023-10-08,23,Robbery,18.53387,73.859926,Sample City,None,24,Closed
2023-01-19,22,Theft,18.538049,73.869377,Sample City,None,23,Closed
2024-10-30,21,Theft,18.533531,73.864001,Sample City,Blunt Object,42,Closed
2024-09-09,16,Theft,18.472933,73.858207,Sample City,Blunt Object,25,Open
2024-02-09,22,Drug Offense,18.546203,73.872555,Sample City,None,17,Closed
2024-02-13,13,Burglary,18.534784,73.874935,Sample City,None,32,Closed
2023-09-25,14,Robbery,18.534768,73.865842,Sample City,None,25,Closed
2024-02-15,21,Theft,18.50219,73.833882,Sample City,None,34,Closed
2023-10-27,15,Theft,18.528033,73.838047,Sample City,Blunt Object,31,Closed
2023-07-18,17,Drug Offense,18.532614,73.86372,Sample City,Knife,25,Closed
2023-03-27,19,Vehicle Theft,18.530632,73.868329,Sample City,None,19,Under Investigation
2023-05-26,19,Vandalism,18.529129,73.84149,Sample City,None,5,Closed
2024-08-12,21,Vandalism,18.527427,73.862495,Sample City,None,54,Open
2024-10-24,15,Burglary,18.521613,73.867215,Sample City,Firearm,34,Closed
2024-10-17,20,Drug Offense,18.536401,73.865647,Sample City,None,39,Under Investigation
2023-07-03,14,Assault,18.527199,73.851102,Sample City,Knife,27,Closed
2023-08-31,15,Theft,18.511635,73.847505,Sample City,None,37,Closed
2024-02-10,23,Theft,18.521985,73.864345,Sample City,Blunt Object,36,Open
2024-02-01,22,Fraud,18.521177,73.852423,Sample City,Knife,19,Closed
2024-02-21,15,Assault,18.526369,73.865463,Sample City,None,48,Closed
2024-10-21,17,Vandalism,18.580811,73.873568,Sample City,Blunt Object,28,Under Investigation
2023-08-01,17,Robbery,18.520997,73.85792,Sample City,None,46,Open
2023-06-13,18,Theft,18.538919,73.883229,Sample City,Knife,38,Under Investigation
2024-09-21,19,Vandalism,18.531051,73.854208,Sample City,None,31,Under Investigation
2023-03-05,20,Vehicle Theft,18.519107,73.863222,Sample City,None,46,Open
2024-10-23,17,Theft,18.535471,73.855987,Sample City,Blunt Object,41,Closed
2023-11-27,17,Burglary,18.535998,73.854611,Sample City,None,5,Closed
2024-08-25,14,Assault,18.525427,73.891568,Sample City,None,12,Open
2024-01-20,18,Burglary,18.501545,73.847921,Sample City,Blunt Object,14,Closed
2023-02-08,13,Theft,18.536432,73.855692,Sample City,Unknown,31,Under Investigation
2024-12-12,16,Theft,18.59756,73.789217,Sample City,Knife,38,Closed
2024-11-01,23,Theft,18.521144,73.830171,Sample City,Unknown,13,Under Investigation
2023-11-24,15,Theft,18.527869,73.852202,Sample City,Unknown,33,Under Investigation
2024-10-25,15,Drug Offense,18.478068,73.880795,Sample City,Unknown,34,Open
2024-02-26,19,Theft,18.522873,73.857616,Sample City,Knife,39,Open
2023-05-20,15,Fraud,18.480375,73.848188,Sample City,None,42,Open
2024-01-08,23,Vehicle Theft,18.534121,73.872623,Sample City,None,30,Closed
2023-06-17,12,Theft,18.497264,73.803481,Sample City,None,41,Closed
2024-12-14,15,Assault,18.44227,73.840936,Sample City,None,24,Closed
2024-11-13,23,Theft,18.479907,73.909745,Sample City,None,45,Closed
2023-11-08,9,Fraud,18.506228,73.843335,Sample City,None,28,Open
2023-02-04,23,Theft,18.53208,73.881487,Sample City,None,36,Under Investigation
2023-01-06,16,Burglary,18.494285,73.837257,Sample City,Knife,45,Closed
2024-11-27,12,Theft,18.448871,73.879055,Sample City,Blunt Object,43,Closed
2023-02-14,23,Burglary,18.532585,73.852346,Sample City,Firearm,5,Closed
2024-09-01,16,Assault,18.54246,73.858557,Sample City,None,42,Open
2023-03-02,19,Vandalism,18.535279,73.870293,Sample City,Unknown,40,Open
2024-07-13,12,Burglary,18.53265,73.857494,Sample City,None,13,Open
2023-05-20,23,Theft,18.526273,73.865174,Sample City,None,32,Closed
2024-12-01,21,Burglary,18.559865,73.863015,Sample City,None,47,Under Investigation
2024-03-03,12,Fraud,18.522605,73.865715,Sample City,None,57,Closed
2024-04-16,23,Theft,18.507048,73.852968,Sample City,None,23,Closed
2023-12-20,13,Fraud,18.543523,73.858166,Sample City,None,31,Under Investigation
2024-05-09,16,Robbery,18.521345,73.877402,Sample City,None,36,Closed
2024-03-30,19,Theft,18.52412,73.848256,Sample City,Knife,22,Closed
2023-11-12,23,Theft,18.517005,73.840656,Sample City,Knife,29,Closed
2023-09-18,23,Theft,18.525477,73.862296,Sample City,None,35,Under Investigation
2023-07-11,21,Assault,18.53068,73.862754,Sample City,Firearm,28,Under Investigation
2024-08-10,19,Robbery,18.535392,73.860226,Sample City,Unknown,27,Open
2023-02-21,14,Vehicle Theft,18.536934,73.859679,Sample City,None,17,Closed
2024-09-24,23,Theft,18.540295,73.859415,Sample City,Unknown,45,Open
2024-06-09,15,Burglary,18.52654,73.85337,Sample City,Knife,40,Closed
2024-08-23,4,Assault,18.538083,73.878257,Sample City,Knife,48,Closed
2023-02-07,18,Theft,18.516433,73.851073,Sample City,None,45,Closed
2023-03-12,20,Fraud,18.561754,73.836555,Sample City,None,31,Closed
2023-06-16,19,Assault,18.534164,73.8643,Sample City,None,40,Closed
2024-08-16,13,Fraud,18.522086,73.860121,Sample City,Unknown,33,Under Investigation
2024-11-12,16,Assault,18.523958,73.860287,Sample City,None,23,Closed
2023-04-18,23,Vandalism,18.53041,73.849521,Sample City,Unknown,56,Under Investigation
2023-08-09,18,Theft,18.504096,73.845403,Sample City,None,39,Open
2024-09-26,15,Fraud,18.544111,73.856688,Sample City,Unknown,54,Open
2024-09-21,20,Drug Offense,18.530772,73.857926,Sample City,Unknown,26,Open
2023-02-06,10,Theft,18.537078,73.799552,Sample City,Knife,27,Open
2023-09-17,19,Vandalism,18.510797,73.784548,Sample City,None,31,Closed
2024-07-07,23,Theft,18.503178,73.848266,Sample City,None,55,Closed
2024-11-23,21,Theft,18.519386,73.8622,Sample City,None,41,Closed
2023-09-23,14,Burglary,18.539728,73.867601,Sample City,None,36,Under Investigation
2024-07-30,9,Assault,18.536888,73.880119,Sample City,None,35,Under Investigation
2023-06-29,11,Vandalism,18.513759,73.844521,Sample City,None,66,Open
2023-06-07,8,Theft,18.511848,73.837183,Sample City,None,35,Open
2024-05-21,23,Theft,18.529172,73.863547,Sample City,None,5,Closed
2023-01-31,23,Theft,18.515249,73.869997,Sample City,Firearm,28,Under Investigation
2024-05-29,23,Fraud,18.529257,73.849553,Sample City,None,5,Closed
2023-03-14,14,Theft,18.516619,73.853652,Sample City,None,35,Closed
2024-12-21,23,Assault,18.522501,73.858409,Sample City,None,39,Under Investigation
2024-08-14,10,Theft,18.529346,73.860206,Sample City,None,35,Under Investigation
2024-02-22,10,Theft,18.531106,73.85748,Sample City,Knife,17,Under Investigation
2023-07-05,18,Burglary,18.501039,73.832256,Sample City,None,47,Open
2023-10-12,14,Assault,18.513674,73.839128,Sample City,None,5,Open
2023-05-22,18,Theft,18.507991,73.834236,Sample City,None,34,Open
2023-09-05,21,Theft,18.532162,73.854536,Sample City,Knife,53,Open
2024-09-28,12,Theft,18.534034,73.850997,Sample City,None,26,Closed
2023-10-07,21,Robbery,18.478682,73.813285,Sample City,None,44,Closed
2023-12-29,18,Assault,18.525013,73.876878,Sample City,None,44,Closed
2024-12-02,23,Theft,18.525291,73.870636,Sample City,None,36,Open
2024-05-03,23,Theft,18.537609,73.877917,Sample City,None,33,Closed
2024-03-18,20,Fraud,18.467829,73.830878,Sample City,None,21,Open
2024-01-05,23,Assault,18.515665,73.840618,Sample City,Knife,37,Closed
2023-03-29,19,Fraud,18.507901,73.843784,Sample City,Firearm,13,Closed
2023-02-14,19,Theft,18.52258,73.85744,Sample City,None,32,Closed
2023-10-26,16,Vandalism,18.541542,73.875705,Sample City,None,56,Open
2024-04-29,20,Burglary,18.533618,73.864771,Sample City,Blunt Object,24,Under Investigation
2024-01-31,21,Theft,18.539348,73.87273,Sample City,None,24,Closed
2024-05-05,19,Vandalism,18.527596,73.871289,Sample City,None,19,Closed
2024-06-13,23,Theft,18.53261,73.857636,Sample City,Knife,17,Under Investigation
2023-09-03,15,Theft,18.512808,73.837978,Sample City,Unknown,19,Closed
2024-12-09,23,Robbery,18.53684,73.854977,Sample City,None,29,Closed
2024-10-19,18,Robbery,18.509116,73.850784,Sample City,None,51,Under Investigation
2023-02-11,18,Assault,18.536429,73.850961,Sample City,None,27,Open
2023-08-22,15,Theft,18.501439,73.845416,Sample City,None,33,Closed
2024-05-03,23,Theft,18.545231,73.885777,Sample City,Knife,27,Closed
2024-05-20,17,Fraud,18.535172,73.851939,Sample City,Knife,42,Under Investigation
2024-12-05,19,Robbery,18.53923,73.862883,Sample City,None,40,Open
2023-08-12,17,Robbery,18.495329,73.889617,Sample City,Unknown,38,Closed
2024-12-28,22,Assault,18.50233,73.839627,Sample City,None,47,Open
2023-01-25,12,Burglary,18.517328,73.845804,Sample City,None,24,Under Investigation
2024-02-09,20,Theft,18.541586,73.874758,Sample City,None,34,Closed
2023-04-14,20,Drug Offense,18.569791,73.932949,Sample City,None,23,Closed
2023-08-08,23,Theft,18.51306,73.840642,Sample City,Firearm,21,Open
2023-11-07,23,Theft,18.525429,73.862313,Sample City,Blunt Object,21,Under Investigation
2024-06-04,23,Assault,18.508781,73.840366,Sample City,None,49,Open
2023-07-01,13,Theft,18.576458,73.857744,Sample City,None,17,Closed
2023-01-23,18,Assault,18.43543,73.891488,Sample City,Unknown,40,Open
2024-04-21,15,Theft,18.527822,73.851402,Sample City,None,21,Under Investigation
2024-09-15,18,Theft,18.531896,73.856604,Sample City,None,20,Open
2023-09-16,12,Vandalism,18.524703,73.882846,Sample City,None,10,Under Investigation
2023-03-11,17,Theft,18.541736,73.799031,Sample City,Blunt Object,16,Open
2024-09-26,10,Theft,18.504415,73.854165,Sample City,None,55,Closed
2023-01-10,23,Fraud,18.533762,73.874902,Sample City,None,19,Closed
2023-05-24,16,Assault,18.526937,73.857737,Sample City,None,18,Closed
2024-02-01,13,Vandalism,18.540529,73.880843,Sample City,None,50,Open
2023-10-15,14,Theft,18.526977,73.863364,Sample City,None,12,Closed
2023-12-25,21,Robbery,18.532801,73.86474,Sample City,None,28,Open
2023-10-16,23,Assault,18.529136,73.845793,Sample City,None,31,Open
2023-03-25,23,Vandalism,18.525464,73.862163,Sample City,None,19,Open
2024-09-22,15,Fraud,18.540169,73.84331,Sample City,Firearm,37,Closed
2024-03-03,17,Assault,18.530164,73.853663,Sample City,Knife,5,Under Investigation
2024-06-16,18,Vehicle Theft,18.532063,73.85407,Sample City,None,35,Closed
2024-08-30,17,Theft,18.55221,73.877149,Sample City,None,40,Closed
2024-10-15,12,Drug Offense,18.529533,73.857263,Sample City,Firearm,32,Closed
2024-05-17,17,Fraud,18.502574,73.838216,Sample City,Blunt Object,14,Closed
2023-06-16,14,Theft,18.533944,73.886332,Sample City,None,18,Open
2024-05-16,9,Fraud,18.54184,73.871696,Sample City,None,43,Closed
2023-06-11,23,Burglary,18.552443,73.870282,Sample City,Knife,40,Closed
2024-08-07,11,Assault,18.557402,73.856469,Sample City,Blunt Object,26,Open
2023-06-29,19,Theft,18.547909,73.866851,Sample City,None,29,Under Investigation
2024-05-31,23,Assault,18.534445,73.874318,Sample City,None,39,Open
2024-11-23,18,Assault,18.501877,73.849407,Sample City,None,27,Closed
2024-08-31,22,Robbery,18.53539,73.866749,Sample City,None,14,Closed
2024-05-13,20,Vandalism,18.528446,73.858873,Sample City,None,33,Under Investigation
2024-12-13,23,Theft,18.583362,73.815138,Sample City,None,32,Closed
2023-12-28,23,Burglary,18.532399,73.877632,Sample City,None,41,Under Investigation
2023-06-26,19,Assault,18.535837,73.854455,Sample City,Knife,16,Open
2024-03-20,18,Vandalism,18.534426,73.855765,Sample City,None,35,Closed
2023-03-29,23,Assault,18.466287,73.866644,Sample City,Unknown,48,Open
2024-01-25,21,Assault,18.533178,73.870069,Sample City,None,21,Closed
2023-12-18,11,Theft,18.513917,73.826204,Sample City,Knife,15,Closed
2023-08-06,12,Theft,18.539618,73.883488,Sample City,Firearm,42,Open
2024-11-14,7,Drug Offense,18.527362,73.856427,Sample City,None,36,Open
2023-07-31,15,Theft,18.536845,73.852923,Sample City,None,33,Under Investigation
2023-02-12,14,Theft,18.506615,73.842777,Sample City,Firearm,26,Open
2023-08-17,23,Drug Offense,18.547167,73.86179,Sample City,None,21,Open
2023-09-20,20,Burglary,18.541197,73.79587,Sample City,None,20,Closed
2024-02-05,23,Robbery,18.494819,73.862439,Sample City,None,39,Closed
2024-05-03,21,Drug Offense,18.519533,73.85447,Sample City,Blunt Object,15,Under Investigation
2023-07-03,19,Fraud,18.552361,73.848959,Sample City,None,34,Open
2024-05-23,15,Theft,18.559562,73.809315,Sample City,Knife,28,Closed
2023-10-18,23,Fraud,18.4393,73.866881,Sample City,None,11,Open
2024-03-26,17,Fraud,18.533474,73.86276,Sample City,Blunt Object,32,Open
2023-09-04,20,Burglary,18.504532,73.841944,Sample City,None,5,Open
2024-06-29,18,Theft,18.534436,73.857566,Sample City,Knife,45,Open
2024-10-21,18,Vandalism,18.529161,73.860729,Sample City,Knife,45,Closed
2023-12-22,23,Fraud,18.514177,73.844644,Sample City,Knife,29,Open
2023-01-24,23,Fraud,18.544373,73.878555,Sample City,None,26,Under Investigation
2024-01-23,17,Theft,18.523094,73.854213,Sample City,None,34,Closed
2024-03-27,8,Vandalism,18.563335,73.848899,Sample City,Knife,17,Closed
2024-01-11,21,Drug Offense,18.519408,73.870446,Sample City,None,20,Closed
2023-03-07,15,Vehicle Theft,18.549471,73.805695,Sample City,Firearm,34,Closed
2024-09-18,18,Vehicle Theft,18.483615,73.922599,Sample City,Knife,39,Closed
2023-11-24,13,Theft,18.515729,73.861156,Sample City,Firearm,30,Closed
2023-07-05,17,Theft,18.527386,73.822647,Sample City,Unknown,22,Open
2024-09-21,17,Vandalism,18.525972,73.86081,Sample City,None,31,Open
2024-05-18,23,Theft,18.502547,73.843051,Sample City,Blunt Object,34,Closed
2023-04-14,12,Vehicle Theft,18.51391,73.844486,Sample City,None,50,Under Investigation
2024-12-27,16,Burglary,18.545395,73.837793,Sample City,None,12,Open
2024-09-29,16,Vandalism,18.522479,73.85871,Sample City,Knife,34,Under Investigation
2023-03-08,11,Theft,18.535616,73.864662,Sample City,Blunt Object,32,Open
2023-05-05,15,Assault,18.540097,73.87586,Sample City,None,10,Under Investigation
2023-05-16,23,Vandalism,18.508573,73.847799,Sample City,None,43,Open
2024-09-09,7,Theft,18.517981,73.880688,Sample City,None,15,Closed
2024-04-08,23,Burglary,18.534108,73.866419,Sample City,None,35,Open
2024-03-03,23,Vandalism,18.551852,73.854268,Sample City,None,39,Closed
2023-03-11,13,Assault,18.478947,73.809885,Sample City,Knife,53,Open
2024-10-17,23,Burglary,18.507712,73.84728,Sample City,None,35,Under Investigation
2023-10-15,11,Theft,18.469082,73.844907,Sample City,Blunt Object,22,Open
2023-07-17,21,Theft,18.526963,73.858923,Sample City,None,35,Closed
2024-05-04,23,Vandalism,18.522789,73.904715,Sample City,None,29,Closed
2024-06-05,18,Burglary,18.52429,73.870869,Sample City,None,32,Closed
2024-10-27,23,Theft,18.508708,73.850958,Sample City,Knife,32,Open
2024-05-07,10,Fraud,18.549693,73.822736,Sample City,Blunt Object,23,Closed
2023-07-21,20,Burglary,18.508307,73.852384,Sample City,None,11,Open
2023-10-29,21,Assault,18.501801,73.839131,Sample City,None,14,Closed
2023-10-28,18,Robbery,18.528953,73.866009,Sample City,Knife,25,Closed
2023-06-06,18,Theft,18.529956,73.853241,Sample City,Firearm,26,Closed
2024-03-18,23,Assault,18.52709,73.862769,Sample City,None,10,Open
2023-01-09,23,Vehicle Theft,18.52251,73.865019,Sample City,Knife,37,Closed
2023-06-23,19,Vandalism,18.536918,73.880717,Sample City,None,11,Open
2024-04-29,23,Fraud,18.501855,73.883655,Sample City,None,29,Closed
2024-07-04,16,Drug Offense,18.46088,73.855335,Sample City,Firearm,16,Closed
2024-06-26,17,Assault,18.525004,73.85667,Sample City,Unknown,12,Closed
2023-11-02,15,Burglary,18.540151,73.869271,Sample City,None,30,Open
2023-05-24,15,Vehicle Theft,18.531384,73.854966,Sample City,Blunt Object,25,Open
2024-05-05,23,Theft,18.527604,73.859959,Sample City,Blunt Object,32,Closed
2023-07-12,8,Vehicle Theft,18.526831,73.855738,Sample City,None,48,Under Investigation
2024-09-18,23,Robbery,18.504592,73.84256,Sample City,None,16,Closed
2024-10-15,16,Assault,18.528121,73.837775,Sample City,None,52,Closed
2023-12-17,17,Fraud,18.525306,73.865119,Sample City,None,45,Open
2024-04-22,22,Assault,18.527426,73.865789,Sample City,Knife,51,Open
2024-04-19,13,Theft,18.537793,73.879215,Sample City,None,12,Closed
2023-01-31,23,Drug Offense,18.541128,73.857239,Sample City,None,33,Closed
2023-01-14,20,Vandalism,18.535366,73.846436,Sample City,None,33,Open
2024-05-18,13,Theft,18.506009,73.855792,Sample City,None,31,Closed
2024-03-25,23,Vandalism,18.531798,73.861579,Sample City,None,8,Under Investigation
2023-06-06,11,Theft,18.503243,73.836076,Sample City,None,57,Closed
2023-03-14,22,Vehicle Theft,18.503572,73.851737,Sample City,None,25,Open
2024-11-19,22,Fraud,18.525492,73.860834,Sample City,Firearm,29,Closed
2024-12-21,23,Drug Offense,18.515223,73.857512,Sample City,None,40,Open
2024-02-21,16,Robbery,18.528717,73.867515,Sample City,Blunt Object,32,Open
2023-06-16,21,Robbery,18.509664,73.846518,Sample City,Knife,20,Open
2023-12-04,23,Drug Offense,18.473257,73.828729,Sample City,None,28,Under Investigation
2024-08-24,19,Assault,18.471508,73.873389,Sample City,None,30,Closed
2023-07-13,5,Theft,18.551901,73.86644,Sample City,Knife,45,Closed
2023-03-27,11,Theft,18.505732,73.845703,Sample City,None,39,Closed
2024-07-05,23,Robbery,18.501768,73.85208,Sample City,None,48,Closed
2023-07-04,16,Burglary,18.542058,73.882461,Sample City,None,18,Closed
2024-06-13,23,Assault,18.540318,73.880192,Sample City,None,20,Closed
2023-03-03,12,Drug Offense,18.504735,73.836557,Sample City,None,42,Open
2024-12-28,9,Vandalism,18.524124,73.86098,Sample City,None,20,Closed
2023-04-17,17,Theft,18.504957,73.849123,Sample City,None,12,Closed
2024-02-04,18,Robbery,18.560491,73.858803,Sample City,Unknown,29,Under Investigation
2023-10-14,2,Theft,18.532466,73.863164,Sample City,None,36,Open
2024-01-13,23,Fraud,18.537184,73.88419,Sample City,Firearm,23,Closed
2024-07-05,14,Assault,18.517792,73.857824,Sample City,Unknown,27,Open
2024-05-27,23,Assault,18.529867,73.855311,Sample City,None,32,Under Investigation
2024-06-06,16,Theft,18.50617,73.851367,Sample City,Blunt Object,23,Open
2024-01-30,9,Burglary,18.521691,73.877306,Sample City,Knife,26,Under Investigation
2024-10-15,21,Assault,18.583032,73.84391,Sample City,Knife,30,Closed
2024-01-16,23,Robbery,18.544798,73.831384,Sample City,Knife,23,Open
2024-12-02,23,Assault,18.502254,73.842558,Sample City,None,33,Closed
2023-04-09,12,Theft,18.528775,73.878706,Sample City,Unknown,31,Closed
2024-07-15,21,Fraud,18.531471,73.864361,Sample City,Blunt Object,30,Open
2023-01-24,18,Theft,18.534129,73.857338,Sample City,None,27,Closed
2023-03-25,23,Vandalism,18.518496,73.851173,Sample City,Firearm,44,Open
2023-03-10,22,Vehicle Theft,18.533502,73.868736,Sample City,None,53,Closed
2024-05-16,20,Drug Offense,18.540013,73.870125,Sample City,Unknown,48,Open
2024-10-26,19,Burglary,18.532601,73.847967,Sample City,None,21,Under Investigation
2023-10-08,18,Theft,18.547549,73.849926,Sample City,Unknown,52,Closed
2023-03-15,23,Assault,18.517969,73.856029,Sample City,Knife,31,Closed
2023-12-24,12,Assault,18.546303,73.856233,Sample City,None,29,Closed
2023-06-26,21,Theft,18.525707,73.866729,Sample City,None,24,Closed
2023-04-17,13,Burglary,18.503699,73.839166,Sample City,Knife,18,Closed
2024-01-31,22,Vandalism,18.482852,73.827367,Sample City,None,30,Closed
2023-10-23,19,Burglary,18.555748,73.868944,Sample City,None,13,Closed
2023-12-28,19,Vandalism,18.512258,73.842782,Sample City,None,46,Open
2023-07-13,23,Assault,18.506861,73.826163,Sample City,Knife,20,Open
2024-06-13,20,Robbery,18.563903,73.818593,Sample City,None,29,Open
2023-09-04,21,Fraud,18.49761,73.876609,Sample City,None,43,Closed
2023-08-15,23,Burglary,18.531253,73.860349,Sample City,Blunt Object,26,Closed
2024-04-20,23,Theft,18.543435,73.877382,Sample City,None,27,Closed
2024-05-16,23,Assault,18.526807,73.850601,Sample City,None,32,Open
2024-02-29,15,Theft,18.533405,73.863571,Sample City,Blunt Object,38,Open
2023-08-06,9,Burglary,18.515904,73.843579,Sample City,Blunt Object,46,Under Investigation
2024-12-29,22,Assault,18.533798,73.860416,Sample City,None,21,Open
2023-08-08,17,Theft,18.533082,73.8494,Sample City,None,17,Open
2023-03-22,15,Robbery,18.536972,73.864694,Sample City,None,31,Closed
2023-10-21,22,Burglary,18.553251,73.882836,Sample City,Blunt Object,26,Closed
2023-08-05,14,Theft,18.503867,73.83866,Sample City,Firearm,41,Open
2023-02-02,13,Burglary,18.527201,73.846046,Sample City,Knife,18,Open
2024-09-28,12,Vandalism,18.535865,73.866587,Sample City,None,47,Closed
2023-09-20,23,Drug Offense,18.540159,73.880362,Sample City,None,27,Under Investigation
2023-03-23,23,Fraud,18.503636,73.847338,Sample City,Blunt Object,13,Closed
2024-01-01,18,Theft,18.528414,73.855355,Sample City,Knife,27,Closed
2024-02-11,18,Burglary,18.540354,73.860731,Sample City,None,39,Closed
2023-02-25,23,Theft,18.540469,73.874429,Sample City,None,49,Closed
2024-11-16,16,Burglary,18.535912,73.850485,Sample City,Blunt Object,34,Open
2024-09-08,11,Vandalism,18.51482,73.874371,Sample City,Firearm,7,Open
2023-12-09,15,Theft,18.522287,73.852185,Sample City,None,28,Closed
2024-04-16,23,Robbery,18.544248,73.897174,Sample City,Blunt Object,32,Open
2024-03-29,18,Fraud,18.520847,73.853075,Sample City,None,43,Open
2024-06-08,15,Burglary,18.520804,73.853228,Sample City,None,21,Open
2023-10-24,23,Burglary,18.505012,73.871358,Sample City,None,24,Closed
2023-09-08,16,Theft,18.529745,73.845854,Sample City,Firearm,14,Open
2023-12-27,22,Vandalism,18.513863,73.848372,Sample City,None,22,Under Investigation
2024-11-16,14,Burglary,18.542528,73.879847,Sample City,None,39,Closed
2024-03-10,13,Vandalism,18.47321,73.825124,Sample City,None,27,Closed
2023-12-20,8,Theft,18.527748,73.859707,Sample City,None,32,Closed
2023-05-27,14,Theft,18.593566,73.881745,Sample City,None,25,Closed
2024-08-19,10,Theft,18.543195,73.868135,Sample City,None,36,Open
2023-11-29,14,Theft,18.54936,73.87783,Sample City,None,50,Closed
2023-08-29,16,Assault,18.520795,73.833638,Sample City,Blunt Object,32,Closed
2024-09-01,18,Assault,18.524752,73.850934,Sample City,Blunt Object,37,Closed
2024-08-13,15,Vandalism,18.531318,73.870032,Sample City,Blunt Object,39,Open
2024-02-10,20,Theft,18.517695,73.855906,Sample City,None,28,Closed
2024-06-08,17,Vandalism,18.525373,73.856804,Sample City,Firearm,50,Open
2023-05-16,17,Fraud,18.505404,73.872991,Sample City,Firearm,51,Closed
2023-01-07,13,Vandalism,18.53619,73.851546,Sample City,Blunt Object,42,Open
2023-12-26,15,Theft,18.535429,73.873202,Sample City,None,40,Under Investigation
2024-04-07,21,Assault,18.508516,73.846999,Sample City,None,24,Closed
2024-12-27,23,Assault,18.586442,73.794835,Sample City,None,14,Closed
2023-03-07,19,Theft,18.566682,73.864004,Sample City,None,14,Closed
2024-11-06,13,Vehicle Theft,18.546262,73.863119,Sample City,Blunt Object,53,Open
2024-06-23,13,Fraud,18.518514,73.84676,Sample City,None,33,Closed
2023-12-03,11,Vandalism,18.544309,73.905697,Sample City,Firearm,16,Closed
2024-01-27,22,Assault,18.529271,73.868752,Sample City,Blunt Object,45,Open
2024-06-16,20,Vehicle Theft,18.511687,73.870024,Sample City,None,35,Closed
2024-03-07,23,Vehicle Theft,18.527683,73.866091,Sample City,None,32,Closed
2024-02-14,14,Fraud,18.495694,73.855609,Sample City,None,26,Under Investigation
2024-10-26,16,Burglary,18.480185,73.847105,Sample City,None,21,Open
2024-06-10,8,Robbery,18.529037,73.856668,Sample City,None,49,Under Investigation
2023-05-15,23,Theft,18.510706,73.845908,Sample City,Blunt Object,20,Closed
2024-05-11,18,Theft,18.529192,73.840561,Sample City,Knife,29,Under Investigation
2024-11-16,17,Theft,18.534001,73.888162,Sample City,None,27,Open
2024-01-24,18,Vehicle Theft,18.568189,73.900656,Sample City,Blunt Object,21,Under Investigation
2023-01-03,15,Burglary,18.513809,73.847101,Sample City,Knife,28,Under Investigation
2023-08-30,19,Burglary,18.490381,73.831047,Sample City,None,10,Closed
2024-06-25,22,Theft,18.527247,73.853894,Sample City,Knife,46,Closed
2024-06-06,20,Theft,18.546945,73.857875,Sample City,None,26,Under Investigation
2023-05-16,23,Vehicle Theft,18.517733,73.836038,Sample City,Knife,31,Closed
2023-08-03,9,Burglary,18.518634,73.863778,Sample City,Blunt Object,25,Open
2023-09-30,14,Robbery,18.480196,73.84213,Sample City,None,25,Under Investigation
2024-10-08,20,Assault,18.514637,73.849699,Sample City,None,33,Open
2023-05-10,20,Vandalism,18.528352,73.857257,Sample City,None,41,Under Investigation
2023-09-09,17,Robbery,18.529377,73.878973,Sample City,None,39,Under Investigation
2024-03-28,18,Drug Offense,18.539188,73.862023,Sample City,None,48,Closed
2023-08-20,11,Theft,18.530894,73.869193,Sample City,Knife,37,Closed
2024-11-14,21,Assault,18.549675,73.856966,Sample City,Unknown,45,Open
2024-04-23,16,Robbery,18.538112,73.872596,Sample City,Firearm,31,Closed
2023-04-28,23,Fraud,18.49905,73.835789,Sample City,None,27,Closed
2024-12-10,19,Assault,18.500757,73.841382,Sample City,Firearm,32,Open
2023-07-11,14,Theft,18.524426,73.856975,Sample City,None,31,Closed
2023-02-23,18,Fraud,18.511949,73.848483,Sample City,Knife,47,Closed
2023-12-03,20,Robbery,18.538715,73.817147,Sample City,Knife,21,Open
2024-07-23,19,Drug Offense,18.549865,73.866913,Sample City,None,49,Under Investigation
2023-06-19,23,Burglary,18.521352,73.857352,Sample City,None,43,Under Investigation
2023-12-01,13,Burglary,18.529846,73.84703,Sample City,None,32,Open
2024-06-15,17,Assault,18.521554,73.83838,Sample City,None,55,Closed
2023-04-10,11,Theft,18.539633,73.875417,Sample City,Blunt Object,43,Open
2023-05-28,19,Theft,18.548995,73.880372,Sample City,None,13,Open
2023-01-21,20,Assault,18.526772,73.862799,Sample City,None,32,Closed
2023-08-18,14,Vandalism,18.536865,73.894875,Sample City,Firearm,33,Under Investigation
2024-07-30,15,Burglary,18.540862,73.862396,Sample City,None,22,Under Investigation
2023-08-31,16,Burglary,18.518636,73.847549,Sample City,None,41,Closed
2023-01-09,19,Drug Offense,18.533963,73.859116,Sample City,None,63,Closed
2023-10-18,16,Assault,18.509779,73.841494,Sample City,None,9,Under Investigation
2024-08-29,14,Assault,18.55394,73.872774,Sample City,None,8,Under Investigation
2024-03-27,19,Theft,18.493734,73.851908,Sample City,None,18,Closed
2023-02-03,17,Vehicle Theft,18.537999,73.880312,Sample City,None,34,Closed
2023-08-14,20,Burglary,18.528779,73.851275,Sample City,None,53,Closed
2023-06-19,23,Vandalism,18.507035,73.836108,Sample City,Knife,31,Open
2023-11-01,23,Theft,18.525868,73.864734,Sample City,Knife,27,Open
2023-12-23,19,Burglary,18.516149,73.883035,Sample City,Knife,41,Closed
2024-07-27,14,Vandalism,18.535481,73.874318,Sample City,Blunt Object,29,Under Investigation
2023-09-25,23,Assault,18.555236,73.843603,Sample City,Unknown,50,Closed
2024-01-10,21,Fraud,18.532032,73.874839,Sample City,Firearm,39,Open
2023-04-06,23,Burglary,18.518275,73.859434,Sample City,None,39,Closed
2023-05-06,15,Theft,18.48698,73.852421,Sample City,Unknown,26,Open
2024-08-02,15,Assault,18.503534,73.847059,Sample City,Unknown,40,Closed
2023-05-17,23,Assault,18.538913,73.847715,Sample City,Blunt Object,18,Closed
2024-10-24,12,Burglary,18.537404,73.888114,Sample City,None,21,Open
2023-10-15,17,Vehicle Theft,18.515484,73.839078,Sample City,Firearm,56,Under Investigation
2023-09-28,19,Burglary,18.47133,73.848626,Sample City,None,27,Under Investigation
2023-11-06,23,Burglary,18.50812,73.825017,Sample City,Knife,25,Under Investigation
2023-11-14,18,Burglary,18.532519,73.835863,Sample City,None,30,Open
2023-08-23,16,Robbery,18.511028,73.848523,Sample City,None,27,Closed
2023-11-12,23,Vandalism,18.536162,73.856215,Sample City,None,5,Open
2023-12-27,23,Vandalism,18.542001,73.855303,Sample City,Firearm,58,Closed
2024-07-11,15,Drug Offense,18.528352,73.865957,Sample City,None,33,Closed
2023-08-30,19,Burglary,18.477675,73.914048,Sample City,None,21,Closed
2023-10-26,14,Burglary,18.528976,73.862355,Sample City,None,26,Closed
2024-09-18,18,Theft,18.504185,73.845146,Sample City,Firearm,29,Under Investigation
2024-09-09,14,Drug Offense,18.55057,73.882342,Sample City,Unknown,15,Under Investigation
2023-10-27,18,Robbery,18.524863,73.851562,Sample City,None,35,Open
2024-07-21,12,Theft,18.537741,73.876896,Sample City,Blunt Object,53,Closed
2023-05-22,22,Drug Offense,18.509659,73.839657,Sample City,None,18,Open
2024-01-27,16,Assault,18.543412,73.877298,Sample City,None,36,Closed
2023-08-01,23,Vehicle Theft,18.506497,73.824745,Sample City,Knife,34,Closed
2024-06-25,16,Assault,18.545922,73.867137,Sample City,Unknown,16,Closed
2024-02-22,18,Vehicle Theft,18.495279,73.883574,Sample City,None,43,Open
2024-08-26,20,Assault,18.533699,73.862163,Sample City,Unknown,45,Closed
2023-02-05,18,Robbery,18.523062,73.875248,Sample City,None,44,Open
2023-05-13,20,Theft,18.506164,73.841299,Sample City,None,43,Closed
2023-11-17,16,Theft,18.545315,73.829526,Sample City,Blunt Object,9,Open
2024-08-13,18,Vandalism,18.526833,73.85154,Sample City,None,38,Open
2024-01-28,15,Robbery,18.540619,73.867491,Sample City,None,35,Under Investigation
2023-01-09,22,Theft,18.493829,73.837955,Sample City,None,18,Under Investigation
2023-05-10,12,Drug Offense,18.525498,73.847028,Sample City,Firearm,48,Closed
2023-06-14,16,Fraud,18.529546,73.869225,Sample City,None,26,Closed
2023-11-08,23,Vandalism,18.508069,73.844805,Sample City,None,57,Closed
2023-02-04,23,Theft,18.5176,73.839174,Sample City,Blunt Object,23,Closed
2023-12-11,16,Theft,18.545033,73.85729,Sample City,None,53,Open
2024-12-01,23,Vandalism,18.506398,73.848561,Sample City,Firearm,32,Open
2024-07-28,23,Theft,18.524436,73.867731,Sample City,None,25,Open
2023-09-14,17,Assault,18.528057,73.861271,Sample City,Firearm,25,Closed
2024-10-11,14,Assault,18.513831,73.855186,Sample City,None,39,Open
2024-01-05,19,Theft,18.532108,73.834677,Sample City,None,46,Closed
2024-10-11,17,Drug Offense,18.530454,73.862824,Sample City,None,57,Under Investigation
2024-10-11,7,Robbery,18.531602,73.866511,Sample City,Blunt Object,32,Open
2024-03-18,18,Theft,18.511499,73.843255,Sample City,None,36,Open
2023-02-18,23,Assault,18.452726,73.86963,Sample City,Unknown,53,Open
2023-10-10,20,Vandalism,18.525802,73.858744,Sample City,None,62,Open
2023-04-22,17,Burglary,18.558583,73.809329,Sample City,Knife,22,Closed
2023-10-30,16,Theft,18.505557,73.830034,Sample City,Knife,38,Open
2024-03-20,23,Robbery,18.52004,73.827359,Sample City,None,20,Open
2023-11-03,23,Drug Offense,18.536782,73.842729,Sample City,None,34,Open
2024-10-22,19,Vandalism,18.480566,73.848044,Sample City,None,29,Open
2023-06-13,17,Vandalism,18.513056,73.841304,Sample City,Knife,44,Under Investigation
2024-10-12,17,Robbery,18.516783,73.858677,Sample City,Knife,29,Open
2024-06-24,22,Vandalism,18.544681,73.867955,Sample City,None,30,Closed
2023-08-07,23,Robbery,18.508051,73.850158,Sample City,Blunt Object,47,Closed
2024-05-25,21,Burglary,18.539042,73.85056,Sample City,None,12,Closed
2024-10-02,13,Burglary,18.530891,73.862825,Sample City,Knife,48,Under Investigation
2024-11-10,21,Vandalism,18.541341,73.878337,Sample City,None,30,Under Investigation
2023-12-09,23,Fraud,18.523153,73.861298,Sample City,Unknown,24,Closed
2024-05-22,20,Assault,18.542346,73.88368,Sample City,Firearm,36,Open
2024-08-08,22,Theft,18.532229,73.854715,Sample City,Firearm,33,Closed
2024-01-24,21,Assault,18.540708,73.862403,Sample City,None,29,Open
2024-08-20,23,Vandalism,18.526105,73.857611,Sample City,None,14,Under Investigation
2024-08-03,18,Burglary,18.532534,73.860821,Sample City,None,28,Closed
2024-07-13,23,Theft,18.538972,73.845435,Sample City,Blunt Object,22,Closed
2023-01-23,23,Drug Offense,18.502875,73.848473,Sample City,Unknown,10,Closed
2023-05-30,23,Theft,18.568417,73.844857,Sample City,Firearm,15,Closed
2023-07-30,23,Robbery,18.532491,73.863175,Sample City,None,18,Open
2023-01-15,17,Assault,18.540779,73.835396,Sample City,Blunt Object,56,Under Investigation
2024-08-30,20,Theft,18.503048,73.834106,Sample City,Knife,30,Closed
2023-08-29,15,Theft,18.53298,73.863811,Sample City,None,32,Open
2024-05-21,19,Robbery,18.526163,73.859532,Sample City,Unknown,40,Closed
2024-12-23,20,Assault,18.520582,73.850179,Sample City,Knife,24,Closed
2023-07-13,16,Burglary,18.524349,73.861849,Sample City,Unknown,43,Open
2024-10-30,15,Theft,18.512249,73.84643,Sample City,None,40,Open
2024-09-02,16,Vandalism,18.510087,73.860344,Sample City,None,13,Closed
2023-10-29,23,Vehicle Theft,18.531247,73.860796,Sample City,None,24,Closed
2024-04-03,19,Burglary,18.493822,73.864187,Sample City,Blunt Object,15,Closed
2023-11-07,21,Burglary,18.529537,73.860527,Sample City,None,24,Closed
2024-10-16,17,Vehicle Theft,18.57254,73.869569,Sample City,None,40,Closed
2023-08-09,13,Vandalism,18.491941,73.828436,Sample City,Blunt Object,56,Closed
2023-03-07,14,Theft,18.535898,73.872241,Sample City,None,33,Open
2023-06-29,17,Vehicle Theft,18.535241,73.880237,Sample City,None,35,Closed
2024-02-09,18,Theft,18.468945,73.881478,Sample City,Knife,28,Open
2023-01-17,21,Theft,18.523974,73.860761,Sample City,None,22,Closed
2023-09-18,19,Robbery,18.534069,73.888446,Sample City,None,38,Open
2023-03-25,18,Drug Offense,18.503247,73.801048,Sample City,Firearm,34,Open
2023-10-22,13,Assault,18.5317,73.858477,Sample City,Blunt Object,27,Closed
2023-10-14,23,Theft,18.528103,73.849846,Sample City,None,37,Under Investigation
2023-11-10,15,Theft,18.563239,73.870988,Sample City,Firearm,47,Closed
2024-11-12,22,Burglary,18.539168,73.850002,Sample City,Unknown,24,Closed
2023-05-26,23,Robbery,18.474233,73.851097,Sample City,Knife,26,Open
2023-05-04,23,Fraud,18.529221,73.859852,Sample City,None,51,Closed
2023-11-27,17,Fraud,18.523054,73.860896,Sample City,Knife,43,Open
2023-11-01,10,Drug Offense,18.524329,73.858489,Sample City,None,23,Closed
2023-09-24,20,Theft,18.517628,73.845693,Sample City,None,23,Open
2024-01-06,22,Drug Offense,18.547981,73.874105,Sample City,Blunt Object,31,Open
2024-08-30,18,Theft,18.525233,73.843064,Sample City,Blunt Object,42,Open
2023-03-15,10,Drug Offense,18.531021,73.859789,Sample City,Blunt Object,23,Open
2023-01-24,21,Theft,18.517504,73.837865,Sample City,Blunt Object,22,Open
2023-05-14,23,Assault,18.550507,73.871536,Sample City,Blunt Object,40,Closed
2023-10-21,13,Fraud,18.502824,73.846647,Sample City,None,11,Under Investigation
2024-02-04,18,Theft,18.5314,73.868728,Sample City,Unknown,25,Open
2024-02-01,16,Assault,18.485703,73.895137,Sample City,None,20,Closed
2024-04-03,14,Vandalism,18.562935,73.835715,Sample City,Blunt Object,27,Closed
2024-07-06,23,Vehicle Theft,18.530715,73.855626,Sample City,None,38,Under Investigation
2024-05-31,18,Burglary,18.545462,73.861047,Sample City,None,48,Closed
2023-05-12,23,Vandalism,18.538565,73.858632,Sample City,Knife,39,Closed
2024-09-11,11,Drug Offense,18.516361,73.860139,Sample City,None,25,Closed
2024-07-04,16,Theft,18.524325,73.859936,Sample City,None,11,Closed
2024-08-15,17,Drug Offense,18.511466,73.848403,Sample City,Firearm,26,Closed
2024-10-18,12,Drug Offense,18.528179,73.871966,Sample City,Blunt Object,20,Closed
2024-09-02,23,Assault,18.523079,73.869405,Sample City,None,25,Open
2024-12-08,18,Drug Offense,18.535594,73.871082,Sample City,None,31,Closed
2023-11-02,22,Assault,18.517166,73.858821,Sample City,None,36,Closed
2024-08-22,23,Theft,18.531023,73.859791,Sample City,None,26,Closed
2024-02-28,20,Vehicle Theft,18.527014,73.866677,Sample City,Unknown,42,Closed
2023-09-17,23,Vandalism,18.543736,73.878913,Sample City,None,35,Open
2024-03-26,11,Theft,18.525792,73.853808,Sample City,None,34,Closed
2024-06-16,23,Theft,18.535827,73.874658,Sample City,Knife,16,Closed
2023-12-05,14,Assault,18.495249,73.82032,Sample City,None,31,Closed
2023-03-27,14,Theft,18.552154,73.865525,Sample City,None,52,Open
2024-09-23,23,Robbery,18.525615,73.857817,Sample City,None,28,Open
2023-08-12,5,Vandalism,18.492406,73.876904,Sample City,Knife,16,Closed
2023-11-16,16,Theft,18.490042,73.821263,Sample City,None,36,Open
2023-06-07,19,Fraud,18.532587,73.863911,Sample City,Blunt Object,5,Under Investigation
2023-07-01,23,Theft,18.510973,73.839213,Sample City,None,20,Open
2023-06-11,19,Drug Offense,18.528304,73.857464,Sample City,Knife,19,Open
2024-09-27,20,Assault,18.515348,73.852325,Sample City,Knife,44,Closed
2024-09-28,18,Theft,18.539247,73.866977,Sample City,None,13,Open
2023-02-07,16,Theft,18.532041,73.856521,Sample City,None,27,Closed
2024-04-24,23,Fraud,18.513029,73.843634,Sample City,None,28,Open
2024-07-17,19,Theft,18.562144,73.850333,Sample City,Knife,41,Closed
2024-10-09,16,Vehicle Theft,18.530186,73.859029,Sample City,None,43,Under Investigation
2023-03-29,8,Fraud,18.531823,73.90307,Sample City,Firearm,37,Under Investigation
2024-04-04,18,Assault,18.540274,73.873981,Sample City,Knife,33,Closed
2024-04-08,18,Theft,18.510708,73.896767,Sample City,None,45,Open
2023-08-06,8,Vandalism,18.5116,73.84334,Sample City,None,46,Open
2024-10-15,15,Theft,18.527736,73.858932,Sample City,Unknown,36,Closed
2023-12-15,17,Drug Offense,18.514646,73.849254,Sample City,Knife,31,Open
2024-08-23,17,Vehicle Theft,18.539507,73.842446,Sample City,None,29,Under Investigation
2024-05-18,15,Theft,18.520477,73.858756,Sample City,None,33,Open
2023-12-20,21,Drug Offense,18.495058,73.851469,Sample City,Blunt Object,27,Open
2024-09-09,20,Burglary,18.535298,73.863099,Sample City,Unknown,33,Under Investigation
2024-02-05,23,Theft,18.491062,73.838327,Sample City,None,30,Closed
2023-04-26,18,Drug Offense,18.539255,73.851481,Sample City,None,45,Open
2023-10-13,11,Theft,18.524167,73.860477,Sample City,Firearm,39,Under Investigation
2024-11-16,23,Theft,18.52771,73.864441,Sample City,None,16,Closed
2023-11-24,22,Fraud,18.546273,73.873791,Sample City,None,28,Closed
2024-09-16,18,Theft,18.548602,73.863842,Sample City,Firearm,37,Closed
2024-07-06,23,Burglary,18.517239,73.86019,Sample City,None,33,Under Investigation
2024-09-08,23,Theft,18.521047,73.867771,Sample City,None,27,Under Investigation
2023-08-29,23,Vandalism,18.505442,73.833812,Sample City,None,40,Closed
2024-08-01,23,Vehicle Theft,18.533568,73.860508,Sample City,None,43,Open
2023-12-05,13,Vehicle Theft,18.508289,73.881574,Sample City,None,28,Under Investigation
2023-02-07,23,Robbery,18.541087,73.867143,Sample City,Knife,14,Closed
2023-05-10,20,Vandalism,18.522866,73.862651,Sample City,None,38,Open
2024-09-10,15,Assault,18.501101,73.88564,Sample City,None,44,Open
2024-12-27,18,Fraud,18.543895,73.839634,Sample City,Blunt Object,22,Closed
2023-08-28,18,Vehicle Theft,18.532165,73.860434,Sample City,Knife,36,Closed
2023-03-25,23,Robbery,18.526552,73.857985,Sample City,None,23,Under Investigation
2023-12-12,18,Theft,18.534081,73.878101,Sample City,None,32,Open
2024-03-11,18,Theft,18.53243,73.854927,Sample City,None,23,Closed
2024-09-20,20,Assault,18.536897,73.850554,Sample City,None,51,Under Investigation
2023-01-28,17,Theft,18.547514,73.881819,Sample City,None,61,Under Investigation
2024-05-28,20,Burglary,18.531141,73.857722,Sample City,Knife,61,Open
2023-11-25,16,Assault,18.469641,73.880571,Sample City,Knife,36,Open
2023-02-19,9,Theft,18.531273,73.841403,Sample City,Knife,44,Closed
2024-05-13,17,Theft,18.506895,73.769612,Sample City,None,23,Open
2023-03-02,10,Robbery,18.497419,73.843891,Sample City,Unknown,36,Open
2024-12-25,23,Fraud,18.528226,73.864249,Sample City,None,40,Closed
2024-08-24,18,Fraud,18.538099,73.87477,Sample City,None,35,Closed
2023-03-29,19,Assault,18.537714,73.850465,Sample City,None,36,Closed
2024-12-23,17,Assault,18.508393,73.830388,Sample City,Firearm,15,Closed
2023-10-27,18,Theft,18.529805,73.858688,Sample City,Blunt Object,35,Closed
2024-03-06,23,Drug Offense,18.533377,73.85911,Sample City,None,14,Closed
2024-03-24,13,Assault,18.536673,73.832431,Sample City,Knife,48,Open
2023-04-13,12,Fraud,18.532728,73.859603,Sample City,Blunt Object,36,Open
2024-12-20,15,Theft,18.534035,73.819845,Sample City,None,28,Closed
2024-04-28,23,Theft,18.503071,73.837302,Sample City,Blunt Object,30,Open
2023-08-27,11,Fraud,18.507389,73.848746,Sample City,Firearm,34,Open
2023-02-06,13,Fraud,18.517074,73.836354,Sample City,None,36,Open
2023-09-28,21,Fraud,18.5166,73.840167,Sample City,None,28,Closed
2024-01-01,3,Theft,18.54422,73.864357,Sample City,Firearm,23,Closed
2024-11-17,23,Fraud,18.546348,73.822736,Sample City,None,36,Closed
2024-01-21,11,Vehicle Theft,18.534546,73.854972,Sample City,None,24,Open
2024-12-10,19,Fraud,18.53839,73.87714,Sample City,None,20,Under Investigation
2024-08-30,23,Theft,18.541843,73.857749,Sample City,Knife,19,Under Investigation
2024-11-28,8,Theft,18.530467,73.877395,Sample City,None,29,Closed
2023-01-05,19,Vandalism,18.537325,73.873108,Sample City,None,32,Under Investigation
2023-06-15,6,Assault,18.496205,73.842923,Sample City,None,19,Closed
2023-06-28,16,Robbery,18.498736,73.886192,Sample City,Knife,27,Closed
2023-09-13,16,Theft,18.53733,73.853147,Sample City,None,16,Closed
2023-10-15,21,Theft,18.495555,73.87727,Sample City,None,38,Open
2024-07-12,20,Theft,18.543334,73.887325,Sample City,None,37,Closed
2023-05-28,16,Vehicle Theft,18.54193,73.875699,Sample City,None,41,Closed
2024-12-21,23,Theft,18.484956,73.781896,Sample City,Blunt Object,15,Closed
2023-01-01,13,Theft,18.528928,73.860202,Sample City,Knife,37,Open
2024-06-10,17,Theft,18.540852,73.865378,Sample City,None,29,Under Investigation
2024-05-11,23,Burglary,18.531343,73.854923,Sample City,None,36,Open
2024-04-10,20,Fraud,18.521779,73.846996,Sample City,None,43,Closed
2024-06-13,19,Theft,18.55988,73.840536,Sample City,Unknown,24,Closed
2023-01-26,7,Theft,18.519686,73.866282,Sample City,Blunt Object,41,Under Investigation
2023-07-12,22,Vehicle Theft,18.504935,73.874288,Sample City,Firearm,23,Under Investigation
2023-01-23,16,Robbery,18.525449,73.859204,Sample City,Knife,53,Open
2023-11-26,23,Drug Offense,18.537051,73.857547,Sample City,Blunt Object,34,Open
2024-04-18,20,Vandalism,18.532829,73.858471,Sample City,Blunt Object,19,Under Investigation
2024-10-29,23,Burglary,18.525843,73.852358,Sample City,None,38,Open
2024-08-14,23,Assault,18.514212,73.839597,Sample City,Knife,25,Closed
2023-05-01,22,Drug Offense,18.490019,73.803901,Sample City,None,20,Open
2024-06-21,19,Fraud,18.524114,73.855375,Sample City,None,29,Closed
2024-09-02,15,Theft,18.49801,73.840768,Sample City,None,45,Open
2023-08-03,22,Theft,18.537183,73.855374,Sample City,Firearm,42,Closed
2024-04-11,21,Assault,18.534938,73.860249,Sample City,Knife,20,Closed
2023-04-21,18,Theft,18.544593,73.883866,Sample City,Firearm,18,Closed
2023-11-30,14,Theft,18.543026,73.871752,Sample City,Knife,26,Closed
2024-06-03,19,Theft,18.530741,73.8587,Sample City,Unknown,23,Under Investigation
2024-02-20,13,Assault,18.542745,73.877602,Sample City,Knife,23,Open
2024-11-04,22,Robbery,18.532868,73.851362,Sample City,None,46,Open
2024-07-01,16,Theft,18.510038,73.850324,Sample City,None,18,Open
2024-09-30,15,Theft,18.50758,73.851437,Sample City,Knife,19,Closed
2024-11-13,14,Vandalism,18.522907,73.849622,Sample City,Knife,15,Open
2024-11-05,18,Vandalism,18.522542,73.858131,Sample City,Blunt Object,51,Open
2023-09-20,14,Fraud,18.529813,73.862005,Sample City,Unknown,25,Closed
2024-05-07,23,Theft,18.518094,73.896104,Sample City,Knife,8,Open
2023-08-25,23,Assault,18.504426,73.876442,Sample City,Knife,26,Open
2024-12-02,21,Theft,18.530749,73.858978,Sample City,Knife,5,Open
2023-01-18,14,Assault,18.543652,73.8708,Sample City,None,28,Closed
2023-10-20,15,Drug Offense,18.533756,73.861404,Sample City,Knife,22,Closed
2024-10-07,19,Theft,18.531028,73.859486,Sample City,None,21,Under Investigation
2024-03-31,11,Assault,18.533617,73.856482,Sample City,Unknown,29,Closed
2023-05-11,23,Vandalism,18.526036,73.866917,Sample City,Blunt Object,42,Closed
2024-05-01,11,Fraud,18.551999,73.868674,Sample City,Blunt Object,34,Closed
2023-08-15,20,Theft,18.528539,73.856212,Sample City,Unknown,57,Closed
2024-08-16,20,Robbery,18.538728,73.871285,Sample City,Unknown,34,Under Investigation
2024-03-23,19,Drug Offense,18.525341,73.874977,Sample City,None,23,Closed
2023-11-18,23,Fraud,18.463,73.827749,Sample City,None,36,Closed
2024-02-12,14,Vandalism,18.537648,73.865548,Sample City,None,20,Closed
2024-10-07,18,Fraud,18.521059,73.860878,Sample City,Knife,21,Open
2023-02-14,16,Vandalism,18.507129,73.848094,Sample City,Knife,14,Open
2024-12-18,17,Theft,18.536651,73.880966,Sample City,None,33,Closed
2024-11-20,18,Theft,18.534115,73.858427,Sample City,Unknown,29,Closed
2024-05-20,17,Theft,18.533547,73.859062,Sample City,Unknown,43,Open
2024-04-10,15,Vehicle Theft,18.528319,73.818184,Sample City,Knife,38,Closed
2024-09-24,19,Burglary,18.530365,73.862119,Sample City,None,35,Open
2023-09-20,14,Theft,18.524894,73.85358,Sample City,Knife,29,Closed
2024-04-13,23,Theft,18.508367,73.8524,Sample City,Knife,20,Under Investigation
2024-03-04,16,Fraud,18.536793,73.875555,Sample City,None,41,Open
2024-03-21,23,Vandalism,18.557081,73.806639,Sample City,None,33,Under Investigation
2024-08-19,23,Vehicle Theft,18.530832,73.862989,Sample City,None,37,Open
2024-05-22,12,Assault,18.5112,73.844598,Sample City,None,27,Open
2023-12-04,15,Theft,18.515742,73.844513,Sample City,Firearm,20,Closed
2024-01-19,18,Robbery,18.526939,73.856394,Sample City,None,21,Open
2023-02-01,19,Theft,18.543575,73.868212,Sample City,None,23,Open
2023-05-14,12,Vandalism,18.513643,73.838558,Sample City,Unknown,53,Under Investigation
2023-03-08,20,Vehicle Theft,18.535221,73.866162,Sample City,Knife,25,Closed
2024-10-29,19,Robbery,18.515246,73.852301,Sample City,None,18,Open
2024-02-14,20,Burglary,18.522623,73.857528,Sample City,None,54,Closed
2023-08-06,14,Theft,18.507178,73.853991,Sample City,None,31,Open
2023-02-23,23,Fraud,18.537471,73.88127,Sample City,Unknown,55,Closed
2024-02-10,19,Drug Offense,18.530021,73.858832,Sample City,Knife,47,Closed
2023-05-19,9,Vandalism,18.534273,73.878041,Sample City,Blunt Object,27,Closed
2023-11-17,16,Vandalism,18.541506,73.876076,Sample City,None,14,Open
2023-06-22,23,Vandalism,18.53292,73.861184,Sample City,None,43,Open
2023-09-05,14,Theft,18.527421,73.870066,Sample City,None,23,Open
2024-05-02,22,Vehicle Theft,18.525084,73.866951,Sample City,None,51,Closed
2023-08-27,20,Vandalism,18.515079,73.862504,Sample City,None,17,Closed
2023-02-17,12,Robbery,18.532465,73.863214,Sample City,Unknown,39,Under Investigation
2023-03-25,13,Vehicle Theft,18.531153,73.850582,Sample City,Firearm,23,Open
2024-09-01,23,Burglary,18.531121,73.851182,Sample City,Unknown,48,Under Investigation
2024-04-09,14,Theft,18.521939,73.858961,Sample City,None,32,Under Investigation
2023-11-23,16,Burglary,18.514971,73.833795,Sample City,None,33,Open
2024-01-08,17,Vandalism,18.503508,73.828303,Sample City,Blunt Object,44,Open
2024-02-17,23,Theft,18.536585,73.852968,Sample City,None,5,Closed
2024-04-15,17,Theft,18.538585,73.844876,Sample City,None,40,Closed
2024-09-09,18,Drug Offense,18.523446,73.862365,Sample City,None,48,Open
2024-12-09,23,Theft,18.535434,73.860914,Sample City,None,39,Closed
2023-05-16,13,Theft,18.535327,73.850502,Sample City,None,37,Open
2023-02-03,12,Burglary,18.487741,73.940741,Sample City,None,49,Open
2023-03-30,14,Vehicle Theft,18.542392,73.87278,Sample City,Blunt Object,31,Closed
2024-05-18,20,Assault,18.537243,73.842686,Sample City,Firearm,36,Open
2024-01-16,21,Assault,18.529024,73.862031,Sample City,Firearm,30,Under Investigation
2024-07-05,20,Assault,18.531997,73.861198,Sample City,Knife,28,Closed
2023-05-06,23,Theft,18.515353,73.846309,Sample City,None,28,Under Investigation
2024-07-03,23,Burglary,18.537087,73.868343,Sample City,Blunt Object,53,Open
2023-09-01,16,Theft,18.521136,73.863409,Sample City,Knife,31,Closed
2024-07-24,19,Vandalism,18.496768,73.863489,Sample City,None,34,Closed
2023-11-22,14,Drug Offense,18.504709,73.834443,Sample City,None,49,Closed
2023-04-30,19,Fraud,18.540583,73.821343,Sample City,None,41,Closed
2023-02-03,10,Drug Offense,18.545112,73.880489,Sample City,None,61,Open
2024-08-29,20,Theft,18.536616,73.861067,Sample City,Unknown,10,Closed
2023-10-01,21,Assault,18.520171,73.858442,Sample City,None,37,Under Investigation
2024-03-01,23,Theft,18.544108,73.868538,Sample City,None,33,Closed
2023-10-19,21,Theft,18.539316,73.838993,Sample City,None,23,Open
2023-11-10,17,Vehicle Theft,18.497299,73.852475,Sample City,Blunt Object,13,Open
2024-07-23,18,Vehicle Theft,18.555112,73.885684,Sample City,Knife,8,Open
2023-01-16,16,Drug Offense,18.525398,73.865999,Sample City,Blunt Object,14,Closed
2023-12-25,23,Theft,18.509227,73.836538,Sample City,None,19,Closed
2023-12-24,16,Assault,18.495609,73.844933,Sample City,None,35,Open
2023-11-28,18,Theft,18.531953,73.866598,Sample City,Blunt Object,5,Under Investigation
2024-04-27,21,Burglary,18.532449,73.85458,Sample City,Knife,39,Closed
2024-04-15,23,Vandalism,18.534769,73.872038,Sample City,None,41,Closed
2023-09-21,12,Theft,18.53234,73.860449,Sample City,Firearm,26,Open
2023-11-20,21,Drug Offense,18.516345,73.844515,Sample City,None,28,Open
2023-09-30,18,Assault,18.530328,73.862649,Sample City,Unknown,43,Closed
2023-05-11,20,Assault,18.564686,73.85858,Sample City,Blunt Object,32,Closed
2023-03-04,18,Theft,18.512573,73.838514,Sample City,None,34,Under Investigation
2023-12-13,19,Theft,18.520274,73.907861,Sample City,Unknown,20,Closed
2023-05-19,20,Fraud,18.527768,73.861685,Sample City,None,14,Open
2024-11-22,16,Theft,18.505864,73.84089,Sample City,None,38,Open
2023-05-16,17,Vandalism,18.540954,73.883224,Sample City,Knife,29,Open
2023-06-05,17,Theft,18.546973,73.880408,Sample City,None,27,Open
2023-12-06,18,Theft,18.527265,73.862772,Sample City,Unknown,28,Closed
2023-05-20,23,Fraud,18.538743,73.863124,Sample City,Blunt Object,35,Under Investigation
2024-07-31,14,Theft,18.562972,73.798212,Sample City,Firearm,21,Open
2023-07-04,23,Drug Offense,18.488233,73.881668,Sample City,Blunt Object,39,Under Investigation
2023-04-03,11,Assault,18.548561,73.87424,Sample City,None,23,Closed
2023-07-05,18,Vandalism,18.531984,73.852745,Sample City,None,11,Open
2023-06-26,14,Theft,18.549317,73.86532,Sample City,None,31,Closed
2024-08-30,23,Theft,18.512375,73.845639,Sample City,None,28,Open
2023-11-30,13,Theft,18.532391,73.855566,Sample City,Knife,33,Under Investigation
2023-10-26,13,Assault,18.530412,73.866373,Sample City,Blunt Object,19,Closed
2023-12-02,15,Vandalism,18.514117,73.836529,Sample City,Blunt Object,44,Closed
2024-11-25,4,Vandalism,18.537859,73.852972,Sample City,None,16,Open
2024-07-12,16,Vehicle Theft,18.539457,73.825913,Sample City,Knife,41,Closed
2024-03-27,19,Assault,18.534515,73.856471,Sample City,Unknown,46,Open
2023-04-12,23,Burglary,18.5373,73.843655,Sample City,Firearm,34,Closed
2023-05-07,19,Theft,18.51748,73.880063,Sample City,None,18,Open
2024-10-14,13,Vandalism,18.467847,73.890565,Sample City,Firearm,37,Closed
2023-03-10,15,Drug Offense,18.506401,73.834593,Sample City,None,23,Closed
2024-04-17,12,Robbery,18.538953,73.870515,Sample City,Unknown,21,Open
2024-02-03,20,Fraud,18.477121,73.859687,Sample City,None,34,Closed
2024-09-07,14,Vehicle Theft,18.528608,73.858921,Sample City,None,20,Open
2023-09-21,17,Drug Offense,18.522439,73.86227,Sample City,None,44,Closed
2024-07-31,18,Robbery,18.514803,73.921836,Sample City,None,40,Under Investigation
2024-07-17,14,Vehicle Theft,18.514103,73.867254,Sample City,None,23,Under Investigation
2023-06-08,10,Vandalism,18.534765,73.867143,Sample City,None,44,Open
2023-06-28,23,Assault,18.530196,73.860159,Sample City,None,36,Closed
2023-02-23,16,Theft,18.532263,73.853805,Sample City,None,19,Under Investigation
2024-03-05,21,Burglary,18.519344,73.838744,Sample City,Blunt Object,26,Closed
2024-07-05,23,Theft,18.431993,73.904842,Sample City,None,24,Open
2024-03-08,17,Robbery,18.542225,73.869052,Sample City,None,22,Closed
2023-11-29,14,Theft,18.502331,73.840239,Sample City,None,43,Under Investigation
2024-12-12,22,Vandalism,18.532925,73.870225,Sample City,Firearm,35,Open
2023-07-02,20,Theft,18.513272,73.834401,Sample City,None,45,Open
2023-09-28,12,Vandalism,18.530359,73.858965,Sample City,Firearm,48,Closed
2023-12-08,13,Assault,18.500862,73.833289,Sample City,None,45,Closed
2023-12-09,23,Vandalism,18.53201,73.871039,Sample City,None,34,Open
2023-05-04,22,Drug Offense,18.508544,73.851,Sample City,Knife,38,Under Investigation
2023-02-20,2,Assault,18.531612,73.85691,Sample City,Blunt Object,26,Open
2024-03-04,18,Theft,18.507793,73.849597,Sample City,None,28,Under Investigation
2024-12-08,23,Assault,18.501422,73.831091,Sample City,None,14,Closed
2024-06-12,12,Drug Offense,18.533902,73.839013,Sample City,Firearm,61,Closed
2024-09-23,22,Assault,18.501756,73.920076,Sample City,None,27,Open
2024-12-21,23,Burglary,18.541411,73.85935,Sample City,None,5,Closed
2024-10-15,18,Burglary,18.524333,73.863935,Sample City,None,34,Closed
2024-07-07,16,Vehicle Theft,18.513925,73.890836,Sample City,None,50,Under Investigation
2023-04-21,18,Fraud,18.541287,73.874422,Sample City,None,22,Closed
2023-11-05,16,Theft,18.520444,73.798566,Sample City,None,19,Open
2024-04-09,23,Burglary,18.515608,73.845984,Sample City,Knife,46,Open
2024-07-14,22,Theft,18.498845,73.880204,Sample City,None,38,Closed
2023-04-17,16,Theft,18.522812,73.842981,Sample City,None,25,Closed
2023-04-03,19,Robbery,18.534414,73.865555,Sample City,Unknown,29,Under Investigation
2023-04-11,15,Vehicle Theft,18.525178,73.857182,Sample City,Knife,19,Under Investigation
2023-04-15,12,Assault,18.524043,73.856705,Sample City,None,28,Closed
2024-12-18,22,Fraud,18.529079,73.854801,Sample City,Unknown,27,Closed
2024-12-23,21,Vandalism,18.539581,73.870215,Sample City,Firearm,35,Closed
2024-05-06,19,Assault,18.530637,73.866376,Sample City,None,40,Closed
2023-09-25,19,Burglary,18.535628,73.889712,Sample City,Unknown,59,Open
2024-07-30,16,Theft,18.499699,73.853375,Sample City,Knife,32,Closed
2023-06-14,23,Vandalism,18.512777,73.852534,Sample City,Knife,48,Under Investigation
2023-03-14,23,Vandalism,18.551962,73.877667,Sample City,None,24,Closed
2023-11-19,12,Assault,18.54798,73.869676,Sample City,None,47,Open
2024-10-14,23,Vehicle Theft,18.487112,73.806259,Sample City,Blunt Object,29,Open
2023-05-23,20,Fraud,18.531422,73.866475,Sample City,Unknown,25,Closed
2024-03-03,20,Vehicle Theft,18.533631,73.858318,Sample City,None,29,Under Investigation
2023-02-28,17,Assault,18.524994,73.855854,Sample City,None,32,Closed
2024-09-27,14,Theft,18.536166,73.868518,Sample City,Firearm,40,Closed
2023-11-26,21,Theft,18.460612,73.835461,Sample City,None,34,Open
2024-04-05,17,Assault,18.543548,73.873864,Sample City,None,27,Closed
2024-11-18,17,Burglary,18.54854,73.873019,Sample City,None,36,Closed
2024-12-18,18,Fraud,18.547962,73.858916,Sample City,None,23,Closed
2024-03-12,16,Assault,18.532836,73.867754,Sample City,None,21,Closed
2023-04-03,21,Theft,18.502125,73.851315,Sample City,None,37,Closed
2024-08-27,13,Vehicle Theft,18.509688,73.840689,Sample City,Blunt Object,30,Closed
2024-09-14,12,Vehicle Theft,18.530306,73.864179,Sample City,None,17,Open
2023-11-02,15,Vehicle Theft,18.529714,73.856504,Sample City,None,46,Closed
2024-09-01,16,Theft,18.505342,73.862003,Sample City,None,24,Closed
2024-01-11,14,Fraud,18.538154,73.894479,Sample City,Knife,50,Closed
2024-07-21,23,Assault,18.53599,73.866633,Sample City,None,31,Under Investigation
2024-04-23,15,Vandalism,18.522663,73.854506,Sample City,Knife,38,Open
2024-01-24,22,Robbery,18.535828,73.868371,Sample City,Blunt Object,41,Open
2024-02-03,20,Assault,18.555199,73.869104,Sample City,Knife,14,Closed
2023-06-08,15,Burglary,18.55568,73.890743,Sample City,None,45,Closed
2023-12-30,16,Theft,18.50289,73.85463,Sample City,None,37,Closed
2024-06-07,20,Theft,18.537481,73.87513,Sample City,None,28,Closed
2023-05-20,21,Theft,18.553298,73.84386,Sample City,None,44,Open
2024-02-23,19,Burglary,18.530145,73.858275,Sample City,None,42,Open
2023-08-13,13,Vehicle Theft,18.530436,73.85614,Sample City,Blunt Object,33,Open
2023-07-03,22,Vehicle Theft,18.508419,73.840604,Sample City,Unknown,63,Under Investigation
2023-01-14,17,Drug Offense,18.532757,73.87176,Sample City,Knife,42,Closed
2024-02-07,15,Burglary,18.521166,73.84629,Sample City,None,24,Closed
2024-06-12,19,Drug Offense,18.593185,73.867751,Sample City,None,27,Closed
2024-12-17,23,Fraud,18.502711,73.793763,Sample City,Firearm,5,Open
2024-07-19,20,Theft,18.521265,73.872623,Sample City,Unknown,52,Closed
2024-09-02,14,Assault,18.503552,73.848874,Sample City,Firearm,24,Under Investigation
2023-07-31,21,Vehicle Theft,18.523443,73.834089,Sample City,None,43,Closed
2023-11-23,8,Theft,18.522049,73.872631,Sample City,None,35,Open
2024-04-05,17,Burglary,18.541712,73.860468,Sample City,Blunt Object,48,Closed
2024-07-08,16,Theft,18.461742,73.810069,Sample City,None,19,Open
2024-12-22,10,Fraud,18.506538,73.852323,Sample City,Firearm,50,Closed
2024-05-13,23,Assault,18.530076,73.866824,Sample City,Knife,35,Open
2023-10-30,17,Theft,18.510618,73.843392,Sample City,None,19,Closed
2023-01-17,19,Theft,18.536279,73.897383,Sample City,Blunt Object,37,Open
2023-11-16,20,Burglary,18.535618,73.858844,Sample City,None,38,Closed
2023-01-06,13,Theft,18.522647,73.860809,Sample City,None,29,Open
2024-01-05,20,Vandalism,18.514154,73.89735,Sample City,Knife,12,Closed
2024-01-10,21,Drug Offense,18.518097,73.840328,Sample City,None,34,Closed
2023-11-12,19,Robbery,18.533598,73.874277,Sample City,None,19,Open
2023-09-25,18,Theft,18.537772,73.870713,Sample City,None,51,Open
2023-11-27,22,Theft,18.539521,73.87133,Sample City,Blunt Object,11,Open
2024-01-03,21,Theft,18.500694,73.854031,Sample City,None,35,Closed
2024-12-30,11,Theft,18.540376,73.851054,Sample City,None,31,Closed
2023-07-09,23,Burglary,18.53644,73.865217,Sample City,Blunt Object,24,Closed
2023-06-23,23,Vandalism,18.540724,73.878974,Sample City,None,25,Open
2024-02-15,15,Robbery,18.540085,73.859987,Sample City,None,22,Open
2024-09-25,19,Vandalism,18.529866,73.862061,Sample City,None,46,Closed
2023-03-14,17,Vandalism,18.540429,73.874347,Sample City,None,40,Closed
2023-10-08,23,Assault,18.547393,73.877624,Sample City,None,30,Open
2023-04-15,8,Burglary,18.513739,73.854823,Sample City,Blunt Object,22,Closed
2023-04-13,13,Burglary,18.550054,73.873836,Sample City,None,40,Open
2023-01-22,13,Vehicle Theft,18.531795,73.856258,Sample City,Unknown,35,Open
2023-02-01,16,Assault,18.530243,73.864567,Sample City,Knife,29,Closed
2024-08-12,20,Assault,18.527675,73.858517,Sample City,None,19,Closed
2023-08-10,23,Theft,18.528544,73.875482,Sample City,None,39,Open
2024-03-01,21,Vandalism,18.50919,73.840694,Sample City,Unknown,25,Open
2023-02-11,23,Theft,18.544287,73.876854,Sample City,None,55,Closed
2024-09-18,12,Vehicle Theft,18.527049,73.873064,Sample City,Unknown,21,Open
2024-08-21,15,Vandalism,18.492103,73.828936,Sample City,Unknown,51,Closed
2024-11-27,19,Vandalism,18.544018,73.870487,Sample City,None,14,Closed
2023-11-25,9,Theft,18.537644,73.844685,Sample City,None,31,Open
2024-11-25,14,Assault,18.505001,73.851396,Sample City,None,46,Open
2023-01-08,15,Burglary,18.530467,73.869265,Sample City,None,53,Closed
2023-06-27,15,Fraud,18.51467,73.84539,Sample City,Unknown,15,Open
2023-05-21,6,Fraud,18.493994,73.8503,Sample City,Firearm,28,Open
2023-02-12,23,Drug Offense,18.546857,73.87568,Sample City,None,52,Open
2024-10-13,21,Drug Offense,18.546176,73.872171,Sample City,None,17,Open
2023-01-13,19,Burglary,18.520533,73.871985,Sample City,Unknown,34,Open
2023-07-18,19,Theft,18.544838,73.871133,Sample City,Firearm,25,Closed
2024-08-07,23,Fraud,18.50251,73.872559,Sample City,Knife,45,Closed
2023-06-20,10,Fraud,18.532588,73.852955,Sample City,None,47,Closed
2024-11-14,23,Vandalism,18.511961,73.844392,Sample City,Knife,5,Under Investigation
2024-05-19,23,Drug Offense,18.535882,73.882785,Sample City,None,24,Closed
2023-10-06,15,Robbery,18.530679,73.874274,Sample City,Unknown,34,Under Investigation
2023-01-10,20,Theft,18.534894,73.878004,Sample City,None,27,Closed
2024-02-08,13,Vehicle Theft,18.50855,73.847085,Sample City,None,37,Open
2024-01-19,17,Theft,18.570693,73.878481,Sample City,Firearm,11,Closed
2023-10-16,11,Robbery,18.534742,73.863123,Sample City,None,36,Closed
2024-03-12,18,Assault,18.548071,73.871389,Sample City,Blunt Object,40,Open
2023-01-03,12,Robbery,18.529101,73.866674,Sample City,Knife,27,Closed
2024-08-28,20,Assault,18.51295,73.84958,Sample City,None,30,Closed
2023-07-03,23,Theft,18.484547,73.877467,Sample City,Blunt Object,31,Open
2023-09-24,19,Vandalism,18.516332,73.88028,Sample City,Knife,48,Open
2023-07-27,13,Vandalism,18.545699,73.829719,Sample City,Knife,18,Under Investigation
2023-10-20,7,Assault,18.506247,73.847724,Sample City,Knife,28,Open
2024-03-22,23,Vehicle Theft,18.523582,73.877934,Sample City,Knife,14,Closed
2024-01-11,14,Assault,18.529545,73.860482,Sample City,None,59,Open
2024-12-22,11,Burglary,18.520876,73.862305,Sample City,Blunt Object,32,Open
2023-09-27,23,Vandalism,18.532455,73.857444,Sample City,Blunt Object,25,Closed
2023-02-20,14,Vandalism,18.53681,73.896539,Sample City,None,32,Under Investigation
2024-06-11,23,Drug Offense,18.51305,73.837289,Sample City,None,39,Open
2023-10-25,23,Assault,18.531376,73.851926,Sample City,None,26,Open
2023-09-23,19,Fraud,18.521961,73.860515,Sample City,Firearm,37,Closed
2024-10-14,17,Theft,18.535802,73.855662,Sample City,None,53,Closed
2024-01-26,20,Vandalism,18.51603,73.842643,Sample City,None,27,Closed
2023-07-27,21,Robbery,18.512717,73.843403,Sample City,None,57,Open
2024-04-14,18,Assault,18.514896,73.852058,Sample City,None,48,Open
2024-08-05,15,Theft,18.530958,73.875877,Sample City,None,21,Open
2024-10-03,16,Robbery,18.531163,73.866162,Sample City,None,26,Closed
2024-02-07,17,Theft,18.481301,73.843151,Sample City,None,24,Open
2024-04-27,17,Theft,18.519197,73.849867,Sample City,Blunt Object,24,Closed
2024-08-07,14,Fraud,18.530526,73.862608,Sample City,Knife,23,Closed
2023-09-15,17,Burglary,18.504584,73.85055,Sample City,Firearm,41,Under Investigation
2024-06-17,9,Robbery,18.532336,73.862619,Sample City,Blunt Object,27,Under Investigation
2024-05-09,17,Robbery,18.532484,73.859817,Sample City,None,31,Closed
2024-10-17,14,Vehicle Theft,18.449722,73.817271,Sample City,Blunt Object,21,Closed
2024-06-16,15,Vehicle Theft,18.52563,73.864609,Sample City,None,14,Closed
2024-05-22,19,Theft,18.515786,73.858816,Sample City,Knife,47,Open
2024-10-27,16,Robbery,18.513125,73.842043,Sample City,Unknown,43,Open
2024-07-29,20,Theft,18.543913,73.880057,Sample City,Knife,29,Closed
2024-05-31,18,Assault,18.53707,73.860409,Sample City,None,60,Closed
2023-02-02,23,Theft,18.518488,73.850451,Sample City,Unknown,58,Open
2023-10-21,18,Vandalism,18.560464,73.833439,Sample City,None,24,Open
2023-09-23,23,Assault,18.523972,73.78594,Sample City,None,22,Closed
2023-12-11,22,Theft,18.527631,73.874818,Sample City,None,46,Open
2024-10-25,21,Theft,18.534271,73.865755,Sample City,None,43,Open
2023-04-10,21,Robbery,18.525704,73.86051,Sample City,Knife,18,Open
2024-12-16,22,Vandalism,18.531856,73.858724,Sample City,None,34,Under Investigation
2024-04-16,11,Assault,18.506225,73.836362,Sample City,None,27,Under Investigation
2024-08-15,16,Assault,18.478339,73.850892,Sample City,Blunt Object,25,Open
2023-11-26,14,Theft,18.533073,73.850003,Sample City,Blunt Object,30,Under Investigation
2024-06-06,23,Vandalism,18.530822,73.856612,Sample City,Unknown,19,Open
2024-02-24,17,Assault,18.531853,73.862331,Sample City,Knife,27,Open
2023-04-04,20,Drug Offense,18.507397,73.834019,Sample City,None,48,Under Investigation
2023-08-24,16,Robbery,18.541418,73.860404,Sample City,Firearm,30,Closed
2023-04-26,18,Assault,18.533064,73.853892,Sample City,Blunt Object,35,Closed
2024-02-16,12,Theft,18.520846,73.863313,Sample City,Knife,17,Closed
2023-08-18,21,Theft,18.540019,73.871851,Sample City,Knife,23,Open
2024-09-15,11,Assault,18.540002,73.871656,Sample City,Knife,39,Under Investigation
2023-07-13,15,Theft,18.523279,73.8556,Sample City,Unknown,24,Open
2024-09-02,11,Robbery,18.528627,73.861006,Sample City,Blunt Object,24,Closed
2024-10-03,19,Assault,18.51255,73.855469,Sample City,None,31,Open
2023-01-23,13,Theft,18.539576,73.872851,Sample City,Blunt Object,26,Closed
2024-02-03,22,Burglary,18.507425,73.84117,Sample City,Firearm,18,Under Investigation
2024-08-14,18,Burglary,18.524762,73.85729,Sample City,None,51,Closed
2024-05-02,22,Burglary,18.472202,73.871862,Sample City,None,6,Closed
2024-09-16,23,Theft,18.577574,73.85998,Sample City,None,30,Closed
2024-01-19,23,Burglary,18.529139,73.880557,Sample City,Knife,21,Closed
2023-01-06,23,Vandalism,18.540881,73.860054,Sample City,Unknown,38,Open
2023-02-14,7,Theft,18.529104,73.850886,Sample City,None,37,Closed
2024-12-21,18,Vandalism,18.526993,73.813693,Sample City,None,38,Closed
2024-06-28,21,Burglary,18.577382,73.8582,Sample City,None,27,Under Investigation
2024-08-14,10,Theft,18.497006,73.850283,Sample City,Blunt Object,48,Open
2024-11-04,20,Fraud,18.561182,73.815714,Sample City,Firearm,18,Closed
2023-09-16,18,Theft,18.512839,73.848698,Sample City,None,29,Open
2024-12-05,16,Theft,18.513013,73.835266,Sample City,Firearm,22,Open
2024-02-22,20,Vehicle Theft,18.533886,73.862961,Sample City,None,42,Closed
2023-12-11,20,Theft,18.515237,73.859159,Sample City,None,43,Open
2024-08-06,12,Assault,18.510479,73.795852,Sample City,Unknown,25,Closed
2023-08-05,22,Vandalism,18.51488,73.871866,Sample City,None,25,Closed
2024-10-25,23,Vehicle Theft,18.528398,73.865214,Sample City,Unknown,27,Open
2024-11-20,18,Theft,18.541629,73.854351,Sample City,Blunt Object,20,Under Investigation
2023-09-16,23,Assault,18.534127,73.865972,Sample City,Knife,52,Closed
2024-01-31,23,Assault,18.525382,73.85622,Sample City,None,50,Closed
2023-02-06,23,Vehicle Theft,18.551835,73.870222,Sample City,Unknown,36,Open
2024-09-16,18,Assault,18.522911,73.861321,Sample City,None,42,Closed
2024-02-13,23,Theft,18.54696,73.883171,Sample City,Knife,35,Closed
2024-12-13,18,Vandalism,18.498518,73.878293,Sample City,None,35,Under Investigation
2024-04-16,20,Vehicle Theft,18.519041,73.855468,Sample City,Blunt Object,23,Under Investigation
2024-11-21,14,Vandalism,18.5263,73.860139,Sample City,Knife,43,Open
2024-01-01,11,Theft,18.570879,73.846433,Sample City,None,42,Closed
2023-09-05,14,Theft,18.508633,73.845574,Sample City,None,29,Under Investigation
2024-07-28,19,Theft,18.506175,73.907998,Sample City,Blunt Object,40,Under Investigation
2024-06-20,19,Fraud,18.503254,73.835746,Sample City,None,39,Open
2024-07-31,18,Theft,18.521573,73.86546,Sample City,Knife,48,Under Investigation
2024-09-08,14,Theft,18.533171,73.856918,Sample City,Unknown,17,Closed
2023-09-05,23,Assault,18.521896,73.869302,Sample City,None,53,Closed
2024-01-02,23,Theft,18.505638,73.84135,Sample City,Knife,25,Under Investigation
2023-05-25,23,Drug Offense,18.514684,73.865441,Sample City,Knife,40,Under Investigation
2023-01-02,23,Vandalism,18.516714,73.864905,Sample City,None,42,Closed
2023-02-28,19,Vehicle Theft,18.52384,73.861022,Sample City,None,38,Closed
2024-09-18,18,Assault,18.532016,73.870374,Sample City,Knife,31,Open
2023-10-29,14,Theft,18.538881,73.863053,Sample City,None,30,Closed
2024-01-20,23,Theft,18.540992,73.87076,Sample City,None,32,Closed
2024-03-26,17,Burglary,18.525008,73.85349,Sample City,None,17,Under Investigation
2023-11-11,23,Drug Offense,18.54808,73.877239,Sample City,None,30,Open
2024-05-31,20,Assault,18.546802,73.867051,Sample City,Unknown,49,Closed
2023-07-08,23,Burglary,18.55946,73.821072,Sample City,Knife,20,Open
2024-06-06,15,Assault,18.52042,73.864442,Sample City,Knife,41,Closed
2023-10-16,15,Vandalism,18.492261,73.904659,Sample City,None,26,Under Investigation
2023-04-26,23,Theft,18.553858,73.84788,Sample City,Knife,41,Open
2023-06-13,18,Theft,18.536144,73.830345,Sample City,Firearm,22,Open
2024-08-18,15,Burglary,18.50503,73.836241,Sample City,None,10,Closed
2024-12-06,20,Assault,18.539257,73.852614,Sample City,None,32,Open
2023-09-04,17,Drug Offense,18.529111,73.85468,Sample City,None,23,Closed
2024-03-08,13,Theft,18.526052,73.852135,Sample City,Blunt Object,24,Closed
2023-12-17,19,Theft,18.530803,73.866371,Sample City,None,36,Closed
2024-04-06,23,Theft,18.584962,73.910278,Sample City,Unknown,24,Closed
2024-04-27,12,Robbery,18.528156,73.853103,Sample City,Blunt Object,50,Open
2024-01-13,14,Theft,18.522309,73.84875,Sample City,None,31,Open
2024-04-12,23,Robbery,18.515807,73.86922,Sample City,None,33,Closed
2024-10-25,23,Vehicle Theft,18.54825,73.857372,Sample City,None,38,Open
2024-12-17,22,Theft,18.537212,73.876729,Sample City,None,37,Closed
2024-09-11,16,Theft,18.507279,73.851882,Sample City,None,23,Closed
2024-04-21,23,Fraud,18.496318,73.914977,Sample City,None,47,Closed
2024-03-15,8,Burglary,18.541583,73.866272,Sample City,None,35,Open
2023-02-05,19,Fraud,18.526719,73.854073,Sample City,None,39,Under Investigation
2024-02-18,15,Robbery,18.520467,73.844632,Sample City,None,26,Open
2024-04-18,22,Burglary,18.536319,73.857033,Sample City,None,26,Under Investigation
2023-08-26,22,Drug Offense,18.492036,73.845536,Sample City,None,30,Closed
2023-04-26,22,Vandalism,18.522574,73.863933,Sample City,None,35,Closed
2023-11-05,11,Theft,18.543888,73.883459,Sample City,None,45,Under Investigation
2023-06-27,22,Burglary,18.527975,73.863373,Sample City,None,11,Closed
2024-04-29,17,Vandalism,18.513049,73.841497,Sample City,None,55,Under Investigation
2023-02-25,16,Vandalism,18.539474,73.863039,Sample City,None,61,Closed
2023-08-06,9,Assault,18.494444,73.833652,Sample City,Knife,24,Closed
2023-02-08,22,Drug Offense,18.593986,73.887851,Sample City,Unknown,16,Closed
2024-10-22,19,Fraud,18.547751,73.892299,Sample City,None,13,Closed
2023-12-12,23,Assault,18.532643,73.877686,Sample City,Blunt Object,49,Closed
2023-06-07,10,Fraud,18.538403,73.860785,Sample City,Knife,34,Under Investigation
2024-02-05,23,Drug Offense,18.559706,73.882638,Sample City,None,17,Open
2023-12-27,10,Robbery,18.529983,73.855213,Sample City,Blunt Object,45,Under Investigation
2023-04-15,19,Vandalism,18.524551,73.857467,Sample City,Blunt Object,43,Closed
2024-11-24,17,Vandalism,18.518511,73.871189,Sample City,Knife,34,Under Investigation
2024-08-19,19,Theft,18.510217,73.840651,Sample City,None,14,Closed
2023-01-22,23,Vandalism,18.523185,73.852212,Sample City,None,35,Closed
2024-06-27,23,Fraud,18.531742,73.86188,Sample City,Knife,44,Open
2024-12-26,16,Burglary,18.540178,73.875393,Sample City,None,41,Open
2023-08-05,22,Vandalism,18.536847,73.862916,Sample City,Unknown,18,Open
2023-03-08,11,Theft,18.590391,73.868818,Sample City,None,27,Closed
2023-11-08,19,Theft,18.550734,73.926727,Sample City,None,37,Closed
2024-04-28,18,Vehicle Theft,18.533177,73.865137,Sample City,Blunt Object,24,Open
2024-12-06,16,Drug Offense,18.538238,73.853482,Sample City,None,29,Under Investigation
2023-08-30,14,Vandalism,18.522347,73.870785,Sample City,Firearm,37,Closed
2023-02-16,21,Assault,18.504741,73.834287,Sample City,None,46,Open
2024-10-01,23,Theft,18.525041,73.854798,Sample City,None,33,Closed
2024-11-30,20,Vehicle Theft,18.52865,73.856235,Sample City,Unknown,23,Closed
2024-06-24,23,Vandalism,18.538281,73.863356,Sample City,None,37,Open
2024-08-08,20,Theft,18.464509,73.849465,Sample City,Knife,34,Open
2024-07-31,21,Drug Offense,18.528873,73.834968,Sample City,None,30,Open
2024-02-05,17,Assault,18.529691,73.855369,Sample City,None,22,Closed
2024-05-10,18,Drug Offense,18.528421,73.84739,Sample City,Blunt Object,43,Closed
2024-08-04,14,Assault,18.542207,73.876109,Sample City,Unknown,35,Open
2023-08-06,16,Fraud,18.504534,73.850961,Sample City,None,31,Under Investigation
2024-01-12,9,Fraud,18.482404,73.891719,Sample City,None,23,Closed
2024-01-08,11,Vandalism,18.530375,73.862037,Sample City,None,33,Closed
2024-02-23,19,Theft,18.533253,73.875487,Sample City,None,25,Under Investigation
2023-01-25,20,Burglary,18.541528,73.865996,Sample City,Unknown,47,Closed
2024-03-25,22,Theft,18.543008,73.795982,Sample City,None,10,Closed
2024-04-14,23,Fraud,18.517839,73.881908,Sample City,None,36,Closed
2024-12-03,22,Vehicle Theft,18.528389,73.83879,Sample City,Firearm,26,Open
2024-04-06,15,Fraud,18.531679,73.861592,Sample City,Firearm,29,Under Investigation
2024-04-05,23,Vandalism,18.536361,73.878031,Sample City,None,30,Open
2024-01-20,21,Burglary,18.524593,73.855648,Sample City,Knife,26,Open
2023-06-12,12,Vehicle Theft,18.533527,73.864024,Sample City,Unknown,39,Closed
2024-11-30,23,Fraud,18.545791,73.881404,Sample City,Knife,46,Closed
2023-11-29,15,Fraud,18.530116,73.852913,Sample City,Knife,45,Closed
2024-10-30,16,Assault,18.537072,73.87064,Sample City,None,41,Open
2023-08-17,22,Vehicle Theft,18.526627,73.869957,Sample City,Knife,38,Closed
2024-12-25,21,Assault,18.527423,73.851852,Sample City,None,21,Open
2024-07-31,23,Assault,18.524459,73.860455,Sample City,None,37,Open
2024-08-30,15,Robbery,18.540116,73.858658,Sample City,None,37,Closed
2023-09-16,19,Drug Offense,18.531892,73.866008,Sample City,Knife,26,Under Investigation
2023-03-08,23,Vandalism,18.510734,73.853567,Sample City,Firearm,48,Closed
2024-11-27,19,Assault,18.538308,73.857119,Sample City,None,22,Closed
2024-12-05,20,Assault,18.533632,73.863182,Sample City,None,17,Closed
2024-07-09,23,Assault,18.538358,73.878857,Sample City,Blunt Object,24,Open
2023-12-26,19,Assault,18.505512,73.83429,Sample City,None,45,Closed
2023-10-05,12,Fraud,18.508239,73.842603,Sample City,None,12,Closed
2023-11-23,16,Drug Offense,18.532266,73.87052,Sample City,Knife,40,Closed
2024-07-03,23,Theft,18.532033,73.893078,Sample City,None,5,Closed
2024-03-10,19,Burglary,18.533775,73.850225,Sample City,Firearm,50,Closed
2023-01-03,17,Burglary,18.530044,73.866459,Sample City,Blunt Object,33,Closed
2024-03-21,23,Fraud,18.51555,73.839516,Sample City,None,45,Closed
2023-03-25,22,Vandalism,18.535799,73.868542,Sample City,None,42,Open
2024-04-10,11,Drug Offense,18.534014,73.856422,Sample City,None,36,Closed
2023-05-29,13,Fraud,18.485099,73.875573,Sample City,None,42,Closed
2024-07-05,19,Assault,18.544689,73.828396,Sample City,Firearm,13,Closed
2024-09-23,20,Assault,18.514622,73.840174,Sample City,Unknown,36,Closed
2024-05-05,18,Theft,18.534524,73.864338,Sample City,None,9,Open
2023-10-17,23,Drug Offense,18.530359,73.864963,Sample City,None,39,Open
2023-04-18,20,Vehicle Theft,18.514312,73.855058,Sample City,Knife,29,Open
2023-11-17,19,Vandalism,18.540097,73.851077,Sample City,Blunt Object,40,Open
2023-08-23,20,Theft,18.530239,73.853143,Sample City,None,31,Open
2023-02-17,13,Theft,18.529177,73.86338,Sample City,Knife,28,Open
2024-12-20,23,Assault,18.508091,73.84469,Sample City,None,24,Closed
2024-05-18,20,Drug Offense,18.53491,73.858235,Sample City,Firearm,19,Open
2024-01-20,19,Burglary,18.507582,73.801307,Sample City,Knife,11,Closed
2024-11-03,19,Vandalism,18.496307,73.829038,Sample City,None,23,Closed
2023-02-24,23,Vehicle Theft,18.538278,73.868749,Sample City,Firearm,38,Closed
2024-03-11,23,Theft,18.601265,73.828211,Sample City,Knife,28,Closed
2024-04-14,15,Drug Offense,18.521102,73.887516,Sample City,Unknown,5,Under Investigation
2024-01-14,20,Vehicle Theft,18.539108,73.877884,Sample City,None,49,Closed
2024-02-03,14,Assault,18.555215,73.856125,Sample City,Firearm,29,Under Investigation
2024-12-01,23,Robbery,18.53281,73.854901,Sample City,None,50,Closed
2024-07-24,14,Burglary,18.51101,73.846419,Sample City,Blunt Object,34,Open
2023-09-27,20,Assault,18.530053,73.870544,Sample City,None,25,Closed
2024-08-03,16,Fraud,18.521964,73.86497,Sample City,Firearm,26,Open
2024-04-25,19,Theft,18.535844,73.881654,Sample City,None,19,Open
2023-09-21,15,Vandalism,18.526474,73.859569,Sample City,None,47,Closed
2024-12-23,4,Vandalism,18.543285,73.87579,Sample City,Knife,14,Closed
2023-12-04,15,Burglary,18.51976,73.90718,Sample City,None,57,Open
2023-09-09,14,Vehicle Theft,18.541099,73.864256,Sample City,None,47,Open
2023-02-14,18,Burglary,18.543673,73.869607,Sample City,Unknown,42,Under Investigation
2024-01-11,17,Vandalism,18.549714,73.864171,Sample City,Firearm,32,Open
2024-04-02,19,Fraud,18.506548,73.846519,Sample City,Firearm,10,Open
2024-05-27,15,Assault,18.541072,73.873957,Sample City,Unknown,43,Closed
2024-04-13,20,Theft,18.511569,73.843015,Sample City,None,36,Closed
2024-09-23,9,Assault,18.542562,73.871073,Sample City,None,35,Open
2023-05-17,21,Vehicle Theft,18.508213,73.84871,Sample City,None,40,Open
2023-05-12,23,Burglary,18.524884,73.842018,Sample City,Knife,28,Closed
2024-05-03,16,Theft,18.527953,73.859618,Sample City,Unknown,43,Open
2024-02-24,14,Assault,18.524672,73.866167,Sample City,Firearm,29,Closed
2023-09-13,13,Assault,18.536706,73.863011,Sample City,None,36,Closed
2023-07-28,22,Theft,18.545072,73.878215,Sample City,None,38,Closed
2023-06-22,15,Vandalism,18.508116,73.844723,Sample City,None,27,Open
2024-06-12,23,Assault,18.45036,73.835353,Sample City,Firearm,19,Under Investigation
2024-11-29,11,Vandalism,18.494272,73.834357,Sample City,None,29,Open
2023-03-31,23,Fraud,18.541136,73.811948,Sample City,None,25,Closed
2024-06-05,16,Assault,18.504159,73.843949,Sample City,Knife,25,Open
2023-06-20,18,Fraud,18.514736,73.853934,Sample City,Firearm,24,Under Investigation
2023-09-16,23,Vandalism,18.538855,73.865047,Sample City,Unknown,26,Closed
2024-05-26,23,Vehicle Theft,18.530049,73.860469,Sample City,None,5,Open
2023-10-24,21,Theft,18.510802,73.833604,Sample City,None,51,Closed
2024-04-23,19,Assault,18.529498,73.868336,Sample City,None,15,Closed
2024-11-18,13,Vandalism,18.561179,73.826101,Sample City,None,36,Under Investigation
2024-10-21,18,Vehicle Theft,18.529085,73.8566,Sample City,None,27,Closed
2023-03-19,16,Fraud,18.534337,73.861132,Sample City,None,17,Under Investigation
2023-09-26,16,Theft,18.551641,73.879454,Sample City,None,37,Under Investigation
2023-04-05,21,Vandalism,18.60104,73.875878,Sample City,None,38,Under Investigation
2024-03-27,9,Assault,18.481552,73.900467,Sample City,None,48,Closed
2023-02-19,23,Fraud,18.531152,73.869553,Sample City,None,28,Under Investigation
2024-01-29,21,Assault,18.528269,73.869494,Sample City,None,36,Open
2024-01-29,19,Theft,18.510605,73.843874,Sample City,None,15,Closed
2024-06-23,5,Drug Offense,18.525008,73.863567,Sample City,Firearm,17,Open
2024-06-15,23,Vandalism,18.540204,73.872831,Sample City,Knife,39,Closed
2024-10-01,14,Vehicle Theft,18.540826,73.858597,Sample City,Knife,16,Open
2023-06-01,19,Drug Offense,18.543309,73.879355,Sample City,None,44,Open
2023-11-27,21,Vandalism,18.534131,73.862039,Sample City,None,37,Closed
2024-11-24,23,Vandalism,18.543053,73.838632,Sample City,Knife,28,Closed
2024-09-08,23,Theft,18.499446,73.854262,Sample City,None,37,Under Investigation
2023-04-06,22,Assault,18.543332,73.880161,Sample City,None,35,Closed
2023-05-28,23,Drug Offense,18.549048,73.878068,Sample City,Blunt Object,48,Under Investigation
2023-10-05,19,Assault,18.530504,73.889225,Sample City,None,27,Closed
2023-10-11,15,Theft,18.514578,73.895055,Sample City,Unknown,16,Closed
2023-01-26,13,Theft,18.540116,73.87447,Sample City,None,34,Closed
2024-01-05,10,Theft,18.523043,73.85832,Sample City,None,33,Under Investigation
2024-12-11,21,Assault,18.527595,73.862806,Sample City,None,48,Closed
2023-12-28,9,Burglary,18.573299,73.848981,Sample City,None,14,Closed
2024-10-16,12,Vandalism,18.511726,73.868896,Sample City,None,19,Open
2024-04-26,21,Burglary,18.516586,73.836204,Sample City,None,35,Open
2024-06-18,21,Vandalism,18.514062,73.851653,Sample City,None,39,Under Investigation
2024-11-06,15,Vandalism,18.53617,73.853396,Sample City,None,14,Under Investigation
2023-03-24,23,Theft,18.525958,73.854492,Sample City,None,18,Closed
2023-11-24,20,Vehicle Theft,18.514593,73.851937,Sample City,Blunt Object,42,Open
2024-07-27,14,Theft,18.512363,73.855395,Sample City,Knife,24,Closed
2024-05-05,20,Theft,18.50439,73.853578,Sample City,None,34,Closed
2023-05-21,23,Assault,18.500133,73.877925,Sample City,None,38,Closed
2024-03-08,18,Theft,18.527333,73.854924,Sample City,None,31,Closed
2023-05-06,19,Burglary,18.508431,73.842931,Sample City,Blunt Object,26,Open
2023-10-26,16,Vehicle Theft,18.525425,73.866263,Sample City,None,29,Closed
2023-04-24,23,Fraud,18.531478,73.855751,Sample City,Knife,17,Closed
2024-09-17,15,Vehicle Theft,18.52969,73.854763,Sample City,Blunt Object,32,Open
2023-12-03,21,Theft,18.456736,73.832193,Sample City,Unknown,43,Open
2023-05-05,17,Vandalism,18.48635,73.871535,Sample City,None,44,Closed
2023-12-08,16,Vandalism,18.535757,73.85781,Sample City,Firearm,24,Open
2023-03-18,23,Burglary,18.522928,73.862112,Sample City,None,40,Closed
2023-10-08,23,Burglary,18.53574,73.878912,Sample City,Blunt Object,42,Closed
2024-11-29,14,Drug Offense,18.54478,73.879308,Sample City,Firearm,21,Under Investigation
2023-04-24,11,Theft,18.510077,73.837989,Sample City,None,47,Open
2024-09-05,23,Vandalism,18.486028,73.81944,Sample City,Unknown,43,Open
2024-04-28,16,Theft,18.529974,73.892312,Sample City,Unknown,34,Closed
2024-06-21,15,Vehicle Theft,18.508089,73.845096,Sample City,None,38,Closed
2024-08-26,20,Robbery,18.50106,73.837417,Sample City,None,32,Open
2024-03-27,21,Vehicle Theft,18.507117,73.88611,Sample City,Unknown,31,Under Investigation
2024-06-01,19,Theft,18.537382,73.842195,Sample City,Knife,38,Closed
2023-10-01,22,Theft,18.519908,73.867897,Sample City,None,42,Closed
2024-12-13,23,Theft,18.503109,73.843516,Sample City,None,20,Closed
2024-04-29,16,Vandalism,18.531226,73.852877,Sample City,None,24,Closed
2023-10-01,20,Theft,18.534099,73.876894,Sample City,None,47,Open
2024-10-22,23,Theft,18.528723,73.864218,Sample City,Knife,54,Closed
2024-01-28,12,Assault,18.541987,73.878041,Sample City,Firearm,30,Closed
2024-04-17,23,Vehicle Theft,18.521242,73.821191,Sample City,None,32,Open
2023-10-23,23,Burglary,18.518373,73.840431,Sample City,None,39,Open
2024-10-23,16,Vandalism,18.535561,73.859472,Sample City,None,45,Open
2024-11-28,22,Theft,18.527189,73.847953,Sample City,None,28,Closed
2023-08-30,19,Theft,18.528577,73.851043,Sample City,Blunt Object,54,Open
2023-09-02,16,Burglary,18.592951,73.855765,Sample City,Blunt Object,55,Open
2023-12-24,20,Vandalism,18.521042,73.892222,Sample City,Unknown,20,Closed
2024-10-05,23,Vandalism,18.52414,73.857951,Sample City,None,41,Open
2024-05-27,16,Theft,18.525473,73.862996,Sample City,None,54,Open
2024-06-08,23,Theft,18.499612,73.873997,Sample City,None,41,Open
2023-02-12,14,Burglary,18.511669,73.845933,Sample City,None,17,Closed
2024-11-10,23,Theft,18.507861,73.847172,Sample City,Knife,32,Closed
2024-10-28,12,Robbery,18.516536,73.931316,Sample City,Knife,25,Closed
2023-06-04,17,Vandalism,18.536786,73.87692,Sample City,Firearm,38,Open
2024-08-30,20,Burglary,18.517787,73.844551,Sample City,None,36,Closed
2024-05-19,12,Vehicle Theft,18.523072,73.860142,Sample City,Firearm,21,Closed
2024-12-02,22,Theft,18.543281,73.883608,Sample City,None,5,Closed
2023-06-07,21,Vehicle Theft,18.555287,73.852285,Sample City,Knife,32,Closed
2023-03-24,20,Theft,18.505358,73.846342,Sample City,None,25,Closed
2023-12-05,23,Assault,18.511001,73.856911,Sample City,None,28,Closed
2023-02-02,11,Fraud,18.54727,73.868804,Sample City,Unknown,18,Closed
2023-01-12,20,Drug Offense,18.52942,73.910891,Sample City,Blunt Object,30,Under Investigation
2024-09-10,20,Drug Offense,18.520976,73.811182,Sample City,None,43,Under Investigation
2024-01-03,23,Vehicle Theft,18.5288,73.864457,Sample City,None,16,Under Investigation
2023-02-06,10,Theft,18.533082,73.856031,Sample City,Firearm,37,Open
2023-01-13,16,Assault,18.540608,73.865764,Sample City,Blunt Object,13,Closed
2024-03-10,22,Robbery,18.534951,73.862891,Sample City,None,41,Closed
2023-12-12,21,Vandalism,18.513025,73.84786,Sample City,None,35,Under Investigation
2024-07-21,20,Vandalism,18.579761,73.814995,Sample City,Blunt Object,20,Under Investigation
2023-11-08,11,Fraud,18.558912,73.858106,Sample City,Unknown,26,Open
2023-07-04,18,Theft,18.542621,73.875685,Sample City,None,22,Open
2024-05-09,23,Fraud,18.535533,73.859221,Sample City,Blunt Object,42,Closed
2024-10-04,23,Theft,18.467523,73.865104,Sample City,None,33,Under Investigation
2024-09-26,21,Vehicle Theft,18.551749,73.880091,Sample City,Knife,47,Under Investigation
2024-07-25,15,Theft,18.516979,73.854509,Sample City,Knife,10,Open
2024-08-01,18,Theft,18.506556,73.840918,Sample City,None,21,Closed
2023-08-31,21,Assault,18.550505,73.867597,Sample City,Firearm,41,Under Investigation
2024-01-31,23,Vandalism,18.528939,73.840639,Sample City,Knife,17,Open
2023-12-17,18,Fraud,18.534942,73.859895,Sample City,Blunt Object,28,Closed
2023-12-25,23,Burglary,18.53821,73.866094,Sample City,Unknown,25,Closed
2023-12-27,19,Assault,18.517783,73.840246,Sample City,Unknown,28,Closed
2024-06-10,23,Theft,18.541415,73.834062,Sample City,None,25,Under Investigation
2024-02-29,21,Theft,18.540591,73.873797,Sample City,Blunt Object,32,Closed
2023-10-11,20,Theft,18.547764,73.873253,Sample City,Knife,43,Open
2024-01-02,23,Vandalism,18.52141,73.876945,Sample City,None,18,Under Investigation
2023-03-31,23,Vandalism,18.511274,73.846443,Sample City,Blunt Object,18,Open
2024-10-17,23,Theft,18.529139,73.859804,Sample City,None,33,Open
2023-02-17,19,Burglary,18.532422,73.872089,Sample City,Firearm,29,Closed
2023-10-03,16,Theft,18.53492,73.865677,Sample City,None,14,Under Investigation
2023-05-30,14,Theft,18.547869,73.868152,Sample City,Unknown,35,Closed
2023-10-20,21,Drug Offense,18.483337,73.820938,Sample City,None,52,Closed
2023-04-11,16,Assault,18.540199,73.880938,Sample City,None,16,Open
2024-12-27,16,Theft,18.539847,73.879141,Sample City,Unknown,34,Closed
2023-02-05,17,Theft,18.516761,73.884542,Sample City,None,16,Closed
2024-11-15,19,Fraud,18.541473,73.854376,Sample City,None,46,Closed
2024-10-15,22,Theft,18.496187,73.865024,Sample City,Blunt Object,41,Open
2024-03-19,20,Drug Offense,18.515091,73.837585,Sample City,None,22,Closed
2023-01-22,19,Burglary,18.524487,73.85195,Sample City,None,33,Closed
2023-05-12,23,Theft,18.519469,73.858305,Sample City,None,34,Open
2024-11-09,20,Assault,18.530733,73.892137,Sample City,None,31,Closed
2023-07-21,23,Robbery,18.515504,73.835898,Sample City,None,45,Open
2023-03-22,14,Theft,18.55091,73.876153,Sample City,None,19,Open
2024-08-08,15,Fraud,18.523819,73.86088,Sample City,Firearm,29,Under Investigation
2024-01-17,19,Burglary,18.527192,73.853121,Sample City,Blunt Object,29,Open
2024-02-23,21,Vandalism,18.539361,73.873569,Sample City,Unknown,19,Closed
2023-05-05,23,Vehicle Theft,18.512846,73.833175,Sample City,Unknown,27,Closed
2024-01-06,23,Theft,18.481719,73.878744,Sample City,None,14,Under Investigation
2023-12-28,21,Assault,18.520747,73.818795,Sample City,None,22,Open
2023-04-12,23,Vehicle Theft,18.526302,73.833466,Sample City,Unknown,39,Under Investigation
2023-10-25,17,Theft,18.547474,73.877798,Sample City,None,8,Under Investigation
2024-12-28,17,Drug Offense,18.528481,73.854126,Sample City,Blunt Object,28,Open
2023-12-27,16,Burglary,18.556323,73.877559,Sample City,Unknown,15,Closed
2024-03-13,23,Fraud,18.532787,73.8595,Sample City,Knife,42,Open
2024-12-28,21,Vehicle Theft,18.547772,73.882968,Sample City,None,37,Closed
2024-06-10,20,Assault,18.532872,73.863715,Sample City,None,52,Under Investigation
2023-09-04,20,Theft,18.531082,73.876444,Sample City,Unknown,31,Under Investigation
2023-10-16,15,Assault,18.536686,73.855878,Sample City,None,33,Under Investigation
2024-02-25,23,Vandalism,18.553541,73.875964,Sample City,Blunt Object,31,Closed
2024-05-09,23,Fraud,18.512205,73.837051,Sample City,Firearm,27,Under Investigation
2023-09-05,21,Theft,18.535522,73.866407,Sample City,Firearm,30,Open
2024-05-31,23,Robbery,18.517289,73.839452,Sample City,None,34,Closed
2024-09-26,18,Burglary,18.530625,73.865498,Sample City,None,44,Closed
2024-03-21,22,Assault,18.508935,73.865545,Sample City,None,40,Closed
2023-07-18,16,Burglary,18.515691,73.849365,Sample City,None,22,Closed
2023-11-05,21,Theft,18.533473,73.846775,Sample City,Knife,28,Under Investigation
2023-11-30,18,Assault,18.539894,73.868571,Sample City,Knife,29,Under Investigation
2024-07-19,16,Vandalism,18.519543,73.846948,Sample City,Blunt Object,31,Closed
2023-11-11,19,Theft,18.525778,73.855546,Sample City,None,41,Closed
2023-06-26,17,Assault,18.537274,73.847913,Sample City,Firearm,29,Closed
2023-10-19,11,Theft,18.543652,73.872933,Sample City,Unknown,12,Open
2023-04-01,15,Vehicle Theft,18.52773,73.865185,Sample City,None,20,Closed
2023-06-26,23,Theft,18.534819,73.865057,Sample City,None,20,Closed
2023-07-16,23,Fraud,18.532332,73.870478,Sample City,None,45,Open
2023-09-21,23,Robbery,18.535201,73.885281,Sample City,None,42,Under Investigation
2024-09-30,19,Burglary,18.506233,73.838099,Sample City,Firearm,24,Open
2023-05-21,12,Drug Offense,18.534478,73.876002,Sample City,Firearm,54,Closed
2023-12-28,16,Vandalism,18.544438,73.874431,Sample City,None,34,Closed
2024-10-13,23,Theft,18.526675,73.853918,Sample City,Knife,22,Closed
2024-07-19,20,Theft,18.515748,73.892354,Sample City,None,15,Open
2024-01-12,20,Fraud,18.570132,73.854737,Sample City,Unknown,27,Closed
2023-04-30,17,Burglary,18.501118,73.870817,Sample City,Unknown,26,Closed
2023-02-12,23,Vehicle Theft,18.490799,73.876072,Sample City,None,37,Under Investigation
2023-02-27,18,Vandalism,18.506515,73.845766,Sample City,None,30,Closed
2024-01-19,23,Theft,18.513713,73.849022,Sample City,None,24,Open
2023-03-15,19,Assault,18.504035,73.855778,Sample City,Knife,42,Open
2024-10-13,11,Vandalism,18.525576,73.85528,Sample City,Unknown,66,Open
2023-08-05,23,Theft,18.487462,73.864521,Sample City,None,29,Closed
2024-12-11,23,Robbery,18.539481,73.881546,Sample City,None,12,Open
2024-04-29,12,Assault,18.542327,73.879923,Sample City,Knife,37,Closed
2024-03-26,3,Assault,18.537138,73.879121,Sample City,Blunt Object,34,Closed
2024-06-08,21,Vandalism,18.529381,73.856886,Sample City,None,18,Closed
2024-12-14,9,Burglary,18.536732,73.850775,Sample City,None,16,Closed
2023-10-21,19,Theft,18.529198,73.859946,Sample City,None,14,Closed
2023-12-30,17,Burglary,18.514299,73.851934,Sample City,None,5,Closed
2023-10-29,22,Burglary,18.504906,73.853792,Sample City,Blunt Object,5,Closed
2023-04-26,19,Vehicle Theft,18.531105,73.859835,Sample City,None,24,Open
2024-12-12,17,Assault,18.516855,73.839101,Sample City,None,39,Closed
2024-11-07,19,Assault,18.515253,73.843138,Sample City,None,54,Open
2023-01-13,23,Assault,18.521338,73.86467,Sample City,None,49,Under Investigation
2023-02-14,23,Vandalism,18.524307,73.882665,Sample City,None,37,Under Investigation
2024-03-11,23,Robbery,18.539848,73.870288,Sample City,None,23,Closed
2023-08-20,23,Burglary,18.532161,73.849082,Sample City,None,25,Under Investigation
2023-08-26,19,Fraud,18.522923,73.865111,Sample City,None,37,Closed
2024-01-08,13,Drug Offense,18.493328,73.842244,Sample City,Unknown,27,Closed
2023-02-02,11,Theft,18.533338,73.879813,Sample City,None,24,Open
2023-06-02,14,Burglary,18.526889,73.860197,Sample City,Knife,48,Closed
2023-11-13,15,Theft,18.513509,73.836763,Sample City,None,25,Closed
2023-05-07,22,Vehicle Theft,18.544674,73.880371,Sample City,Firearm,60,Closed
2023-03-26,14,Robbery,18.501792,73.865512,Sample City,Unknown,43,Open
2023-08-23,22,Fraud,18.529173,73.854986,Sample City,None,36,Open
2024-09-07,13,Drug Offense,18.499402,73.849749,Sample City,Unknown,24,Open
2024-03-09,23,Theft,18.508973,73.845549,Sample City,Firearm,22,Closed
2023-05-03,19,Vehicle Theft,18.506955,73.851719,Sample City,Blunt Object,21,Closed
2023-12-05,22,Robbery,18.5296,73.852485,Sample City,Knife,32,Open
2023-10-30,23,Theft,18.533391,73.866097,Sample City,Knife,36,Under Investigation
2024-03-31,13,Fraud,18.524645,73.865624,Sample City,None,46,Under Investigation
2023-11-19,18,Fraud,18.511115,73.850891,Sample City,None,43,Open
2023-06-22,19,Fraud,18.562064,73.846034,Sample City,None,39,Closed
2023-05-06,14,Assault,18.504654,73.802168,Sample City,Knife,39,Closed
2023-10-30,13,Drug Offense,18.491149,73.879433,Sample City,Firearm,16,Under Investigation
2023-08-27,20,Assault,18.522767,73.85308,Sample City,None,56,Open
2024-06-12,15,Fraud,18.528113,73.86139,Sample City,Knife,29,Open
2023-07-31,14,Burglary,18.545324,73.886703,Sample City,Unknown,24,Open
2024-06-27,15,Robbery,18.466486,73.909112,Sample City,Firearm,54,Closed
2024-04-11,23,Assault,18.469034,73.83851,Sample City,None,13,Closed
2023-10-30,16,Vandalism,18.502403,73.844849,Sample City,None,48,Open
2023-06-02,19,Burglary,18.521932,73.831103,Sample City,Firearm,22,Closed
2024-02-26,23,Vehicle Theft,18.57323,73.820417,Sample City,None,14,Under Investigation
2023-04-06,16,Vehicle Theft,18.535167,73.851337,Sample City,Blunt Object,56,Closed
2023-08-30,14,Assault,18.57906,73.901344,Sample City,Knife,31,Under Investigation
2023-05-16,16,Assault,18.583868,73.88987,Sample City,Knife,34,Open
2023-02-24,15,Fraud,18.537574,73.873947,Sample City,None,25,Closed
2024-03-14,23,Theft,18.53643,73.867955,Sample City,None,31,Open
2024-03-23,14,Robbery,18.528915,73.851845,Sample City,Unknown,19,Closed
2023-11-28,18,Fraud,18.478988,73.832482,Sample City,Unknown,48,Open
2024-09-27,22,Vehicle Theft,18.524194,73.85818,Sample City,None,35,Open
2024-04-13,13,Fraud,18.530796,73.856697,Sample City,None,49,Open
2023-04-17,16,Fraud,18.511956,73.783212,Sample City,Knife,40,Closed
2023-09-25,17,Fraud,18.536047,73.857195,Sample City,Unknown,50,Open
2024-04-20,11,Theft,18.555201,73.870062,Sample City,None,27,Under Investigation
2024-07-15,16,Assault,18.549524,73.841333,Sample City,Blunt Object,42,Under Investigation
2024-01-19,22,Assault,18.47789,73.874141,Sample City,Blunt Object,24,Closed
2024-03-25,20,Fraud,18.499738,73.799173,Sample City,Blunt Object,64,Closed
2023-12-05,14,Fraud,18.469183,73.890669,Sample City,Knife,11,Under Investigation
2023-09-03,20,Vandalism,18.492175,73.829591,Sample City,None,29,Open
2023-11-03,21,Fraud,18.51166,73.870812,Sample City,None,39,Under Investigation
2024-09-15,23,Theft,18.532057,73.870911,Sample City,Knife,16,Closed
2023-08-25,14,Vehicle Theft,18.537537,73.860851,Sample City,None,20,Open
2024-12-19,19,Assault,18.498552,73.868422,Sample City,Blunt Object,61,Open
2024-03-20,22,Fraud,18.533199,73.868674,Sample City,None,17,Closed
2024-12-08,15,Drug Offense,18.510331,73.841986,Sample City,Knife,30,Closed
2023-09-13,22,Drug Offense,18.529206,73.876503,Sample City,Blunt Object,13,Closed
2024-12-18,13,Vehicle Theft,18.473974,73.842287,Sample City,None,17,Closed
2023-10-01,17,Fraud,18.516255,73.856798,Sample City,None,20,Closed
2024-08-22,10,Assault,18.507384,73.849864,Sample City,None,39,Closed
2023-02-03,22,Theft,18.544706,73.875839,Sample City,None,26,Open
2023-09-12,19,Assault,18.548438,73.879386,Sample City,None,34,Under Investigation
2024-06-12,19,Robbery,18.501477,73.842441,Sample City,None,61,Closed
2023-10-24,20,Burglary,18.510718,73.877907,Sample City,Unknown,47,Closed
2023-12-09,20,Robbery,18.52894,73.864782,Sample City,None,44,Closed
2023-07-26,13,Vandalism,18.526329,73.855126,Sample City,None,40,Open
2024-04-01,13,Burglary,18.548002,73.881849,Sample City,None,36,Closed
2024-12-16,17,Drug Offense,18.526642,73.858919,Sample City,None,25,Open
2024-03-03,12,Assault,18.538057,73.858377,Sample City,Blunt Object,37,Open
2023-08-21,23,Fraud,18.557966,73.854883,Sample City,None,22,Under Investigation
2024-12-02,17,Robbery,18.539386,73.864024,Sample City,None,31,Closed
2024-06-04,13,Theft,18.513763,73.856911,Sample City,None,38,Open
2023-10-27,21,Vehicle Theft,18.546856,73.884775,Sample City,None,28,Open
2024-08-20,10,Robbery,18.531384,73.841499,Sample City,None,31,Open
2023-01-13,22,Theft,18.508751,73.841782,Sample City,Unknown,47,Open
2023-02-02,8,Fraud,18.505179,73.861519,Sample City,None,48,Closed
2024-03-21,23,Assault,18.53858,73.861206,Sample City,None,40,Open
2024-03-20,22,Burglary,18.538879,73.860718,Sample City,Firearm,45,Closed
2024-10-08,12,Drug Offense,18.528443,73.851007,Sample City,None,14,Closed
2023-03-04,17,Burglary,18.580667,73.853555,Sample City,Unknown,17,Under Investigation
2024-05-18,23,Theft,18.522448,73.855886,Sample City,None,22,Closed
2024-04-06,14,Assault,18.535504,73.860009,Sample City,Unknown,28,Closed
2024-05-21,17,Vehicle Theft,18.531498,73.865535,Sample City,Unknown,31,Under Investigation
2024-09-08,13,Assault,18.537385,73.885707,Sample City,Unknown,35,Closed
2023-09-14,21,Theft,18.512251,73.836709,Sample City,None,27,Open
2023-06-02,23,Theft,18.502309,73.853877,Sample City,None,39,Open
2023-08-15,18,Robbery,18.501121,73.846192,Sample City,None,44,Open
2023-04-21,14,Assault,18.514619,73.842174,Sample City,None,28,Open
2024-01-17,9,Fraud,18.519597,73.86202,Sample City,None,33,Open
2023-07-25,23,Assault,18.491912,73.90167,Sample City,None,35,Under Investigation
2024-10-19,10,Burglary,18.565516,73.781936,Sample City,None,36,Open
2024-08-10,23,Assault,18.513774,73.829479,Sample City,Unknown,30,Open
2024-12-19,22,Burglary,18.535162,73.879553,Sample City,None,32,Closed
2023-07-10,21,Robbery,18.526817,73.859674,Sample City,Firearm,28,Under Investigation
2023-10-22,23,Robbery,18.534249,73.87155,Sample City,None,31,Closed
2024-09-07,10,Theft,18.534976,73.860929,Sample City,None,47,Closed
2023-04-16,20,Theft,18.524371,73.862143,Sample City,Blunt Object,21,Under Investigation
2024-10-14,23,Theft,18.53184,73.860891,Sample City,None,45,Closed
2024-06-10,23,Robbery,18.530738,73.880805,Sample City,None,19,Under Investigation
2024-10-24,17,Fraud,18.52215,73.860934,Sample City,None,58,Closed
2023-12-16,17,Theft,18.532516,73.855209,Sample City,Unknown,9,Open
2023-08-09,19,Vehicle Theft,18.591859,73.863524,Sample City,Firearm,44,Open
2024-03-02,16,Burglary,18.537272,73.855645,Sample City,None,39,Open
2023-12-07,20,Theft,18.531838,73.845792,Sample City,None,40,Closed
2024-04-26,15,Robbery,18.521363,73.889328,Sample City,None,33,Open
2023-07-02,23,Fraud,18.531041,73.851959,Sample City,None,14,Under Investigation
2023-10-20,21,Theft,18.541354,73.87393,Sample City,Unknown,43,Open
2024-01-03,17,Burglary,18.538686,73.873138,Sample City,Firearm,35,Under Investigation
2023-11-13,20,Vehicle Theft,18.539157,73.891634,Sample City,Firearm,24,Open
2024-02-12,13,Assault,18.516699,73.850782,Sample City,Unknown,41,Under Investigation
2024-04-07,17,Theft,18.53711,73.870904,Sample City,None,22,Closed
2024-05-01,14,Vehicle Theft,18.541892,73.873826,Sample City,None,43,Open
2024-12-09,20,Assault,18.542136,73.888738,Sample City,None,33,Under Investigation
2023-09-03,18,Robbery,18.544785,73.875084,Sample City,None,53,Under Investigation
2023-09-29,14,Drug Offense,18.528414,73.863154,Sample City,Blunt Object,21,Open
2024-05-03,23,Theft,18.526008,73.895159,Sample City,Firearm,31,Open
2023-11-28,23,Burglary,18.526764,73.865619,Sample City,Blunt Object,27,Open
2024-08-25,23,Vandalism,18.502817,73.855038,Sample City,None,14,Under Investigation
2024-09-09,17,Robbery,18.500849,73.845799,Sample City,None,46,Closed
2024-01-07,22,Theft,18.535116,73.871341,Sample City,Firearm,23,Closed
2024-07-03,11,Robbery,18.502322,73.898093,Sample City,None,34,Closed
2023-08-22,12,Theft,18.547083,73.876068,Sample City,None,5,Closed
2024-03-22,17,Theft,18.501908,73.838489,Sample City,None,25,Open
2023-11-15,21,Assault,18.526972,73.861069,Sample City,None,29,Under Investigation
2024-05-04,16,Burglary,18.581481,73.844193,Sample City,Unknown,25,Open
2024-04-10,17,Assault,18.519374,73.835853,Sample City,Knife,33,Open
2024-01-26,15,Theft,18.502531,73.845478,Sample City,None,34,Closed
2023-10-28,19,Fraud,18.5452,73.813639,Sample City,Blunt Object,12,Closed
2024-11-23,18,Vandalism,18.51413,73.840015,Sample City,Firearm,28,Open
2023-01-15,20,Robbery,18.487176,73.868109,Sample City,Knife,18,Closed
2024-05-15,13,Burglary,18.532896,73.862621,Sample City,Knife,40,Closed
2023-04-10,11,Burglary,18.52526,73.848259,Sample City,None,44,Under Investigation
2023-05-05,19,Assault,18.533935,73.876203,Sample City,None,29,Open
2023-08-12,19,Theft,18.515726,73.846999,Sample City,None,17,Under Investigation
2024-08-13,20,Fraud,18.545585,73.853221,Sample City,Firearm,29,Open
2023-06-05,20,Vandalism,18.511472,73.851332,Sample City,None,25,Open
2024-03-21,20,Vehicle Theft,18.515431,73.848609,Sample City,Unknown,23,Under Investigation
2023-07-02,18,Theft,18.512655,73.850228,Sample City,None,39,Closed
2024-06-13,22,Theft,18.53481,73.863862,Sample City,None,20,Closed
2024-11-23,16,Fraud,18.519917,73.790437,Sample City,None,27,Open
2023-07-20,21,Theft,18.528497,73.855629,Sample City,None,32,Under Investigation
2023-03-06,18,Theft,18.567705,73.831561,Sample City,Knife,70,Closed
2023-06-01,15,Vandalism,18.543268,73.86681,Sample City,Knife,21,Closed
2023-03-11,13,Theft,18.536221,73.883772,Sample City,Blunt Object,17,Open
2024-01-03,21,Fraud,18.518197,73.851178,Sample City,None,37,Closed
2024-12-23,23,Fraud,18.536267,73.860876,Sample City,None,50,Open
2023-08-18,20,Vandalism,18.493809,73.845399,Sample City,None,30,Under Investigation
2023-10-23,15,Vandalism,18.547792,73.85751,Sample City,None,23,Closed
2023-05-20,23,Robbery,18.530293,73.856,Sample City,None,57,Closed
2024-05-12,15,Vandalism,18.47989,73.864298,Sample City,None,26,Open
2023-09-09,17,Assault,18.46277,73.876378,Sample City,None,10,Closed
2023-02-19,19,Vandalism,18.537388,73.860624,Sample City,None,22,Closed
2023-03-03,23,Assault,18.543119,73.870892,Sample City,Blunt Object,57,Open
2024-08-30,20,Theft,18.531998,73.861959,Sample City,Blunt Object,19,Closed
2023-08-01,20,Assault,18.510384,73.83956,Sample City,Unknown,33,Open
2023-05-27,23,Theft,18.563699,73.86308,Sample City,Firearm,27,Open
2024-10-04,7,Assault,18.514567,73.844026,Sample City,None,28,Closed
2023-12-14,19,Burglary,18.491438,73.839014,Sample City,None,27,Open
2024-06-15,20,Vandalism,18.547349,73.84797,Sample City,Firearm,20,Closed
2024-10-28,18,Vandalism,18.500488,73.847986,Sample City,None,31,Open
2024-01-05,13,Theft,18.510344,73.84808,Sample City,None,21,Closed
2024-11-14,16,Vandalism,18.533385,73.861868,Sample City,None,33,Closed
2023-07-11,17,Theft,18.54683,73.889278,Sample City,Blunt Object,39,Open
2024-05-19,13,Theft,18.536576,73.846706,Sample City,Blunt Object,49,Open
2023-04-13,18,Robbery,18.50149,73.844499,Sample City,None,30,Closed
2023-05-09,19,Theft,18.487065,73.84637,Sample City,None,45,Closed
2023-03-29,23,Burglary,18.55474,73.85563,Sample City,Knife,38,Closed
2023-07-24,17,Drug Offense,18.50761,73.835293,Sample City,None,22,Closed
2023-06-05,23,Theft,18.538667,73.86947,Sample City,None,31,Closed
2023-11-10,14,Vehicle Theft,18.536191,73.889105,Sample City,Knife,33,Open
2024-04-18,12,Robbery,18.530064,73.859763,Sample City,None,35,Closed
2023-02-25,23,Assault,18.512415,73.848898,Sample City,None,31,Closed
2023-09-17,14,Theft,18.501023,73.88748,Sample City,Blunt Object,31,Closed
2024-01-18,23,Theft,18.531033,73.860923,Sample City,None,42,Open
2024-12-09,11,Burglary,18.528068,73.862826,Sample City,None,38,Under Investigation
2024-05-04,13,Fraud,18.507792,73.863374,Sample City,None,39,Closed
2023-09-07,21,Theft,18.536075,73.877895,Sample City,Blunt Object,24,Under Investigation
2024-03-17,22,Assault,18.527837,73.846702,Sample City,Blunt Object,55,Open
2024-08-21,16,Theft,18.510894,73.843088,Sample City,Unknown,19,Closed
2023-10-04,23,Assault,18.534708,73.880912,Sample City,Blunt Object,32,Open
2024-07-19,20,Assault,18.513295,73.878099,Sample City,None,34,Under Investigation
2023-02-04,15,Assault,18.553018,73.846649,Sample City,None,39,Closed
2024-07-14,19,Vandalism,18.524047,73.856912,Sample City,Unknown,5,Closed
2024-12-08,9,Assault,18.539905,73.876692,Sample City,Knife,58,Open
2024-02-08,16,Theft,18.525286,73.850611,Sample City,None,10,Open
2023-01-13,21,Theft,18.506939,73.837949,Sample City,None,38,Under Investigation
2024-12-15,18,Assault,18.536825,73.849723,Sample City,Unknown,5,Closed
2024-01-17,22,Vehicle Theft,18.532137,73.86009,Sample City,Unknown,29,Closed
2023-11-02,15,Theft,18.520963,73.847065,Sample City,Blunt Object,36,Under Investigation
2023-10-30,12,Burglary,18.531224,73.862586,Sample City,Blunt Object,55,Open
2023-06-10,18,Robbery,18.524948,73.857335,Sample City,Knife,31,Open
2023-02-16,13,Burglary,18.536561,73.881939,Sample City,Knife,17,Closed
2024-12-30,14,Assault,18.52394,73.85154,Sample City,None,51,Closed
2024-07-19,17,Vandalism,18.464918,73.847199,Sample City,None,45,Closed
2024-06-26,19,Theft,18.520747,73.865313,Sample City,Knife,53,Closed
2024-01-07,18,Theft,18.541619,73.87507,Sample City,Knife,19,Closed
2024-05-12,19,Robbery,18.524994,73.859625,Sample City,Unknown,17,Closed
2024-09-22,21,Vandalism,18.537835,73.866054,Sample City,None,42,Open
2024-09-19,23,Vandalism,18.521221,73.861462,Sample City,None,25,Open
2024-08-20,19,Burglary,18.500871,73.848196,Sample City,Firearm,28,Under Investigation
2024-08-11,15,Vandalism,18.485593,73.850912,Sample City,None,31,Open
2024-06-06,23,Theft,18.46615,73.852515,Sample City,None,41,Open
2023-09-11,19,Robbery,18.537046,73.876098,Sample City,Knife,40,Closed
2024-03-01,23,Vehicle Theft,18.544218,73.863108,Sample City,None,44,Closed
2024-10-31,13,Robbery,18.518753,73.843611,Sample City,Unknown,41,Under Investigation
2024-11-26,17,Assault,18.536188,73.870502,Sample City,Knife,28,Closed
2023-11-14,23,Assault,18.538817,73.879548,Sample City,None,47,Open
2024-07-22,23,Theft,18.536673,73.865141,Sample City,None,24,Closed
2024-02-18,22,Theft,18.534327,73.861538,Sample City,None,52,Closed
2023-07-18,16,Burglary,18.536607,73.85452,Sample City,Blunt Object,50,Open
2024-12-07,19,Vandalism,18.538577,73.860831,Sample City,Unknown,24,Under Investigation
2023-10-08,23,Vandalism,18.483099,73.859101,Sample City,Firearm,39,Closed
2023-04-29,15,Burglary,18.514741,73.850725,Sample City,Unknown,40,Closed
2024-03-04,7,Theft,18.529184,73.864707,Sample City,Knife,23,Closed
2024-09-20,17,Assault,18.507026,73.839861,Sample City,None,41,Closed
2023-08-26,22,Burglary,18.543257,73.888957,Sample City,Unknown,15,Closed
2023-07-16,20,Robbery,18.527835,73.868332,Sample City,Knife,44,Closed
2024-06-10,17,Theft,18.528336,73.861392,Sample City,None,23,Closed
2024-08-08,17,Vehicle Theft,18.529401,73.864472,Sample City,Blunt Object,39,Closed
2023-03-01,6,Fraud,18.544232,73.879392,Sample City,None,32,Closed
2023-05-07,22,Burglary,18.523978,73.856005,Sample City,None,34,Open
2023-08-01,23,Burglary,18.518573,73.862409,Sample City,Knife,38,Closed
2024-02-22,23,Assault,18.565653,73.834835,Sample City,None,30,Closed
2024-01-27,18,Theft,18.523259,73.858227,Sample City,None,8,Closed
2024-06-25,17,Assault,18.517341,73.858302,Sample City,None,42,Under Investigation
2023-07-12,22,Theft,18.526624,73.856056,Sample City,None,17,Closed
2023-02-17,11,Robbery,18.532787,73.86593,Sample City,None,23,Closed
2024-11-20,23,Theft,18.533263,73.862082,Sample City,Knife,21,Closed
2024-01-19,17,Assault,18.509844,73.885071,Sample City,None,20,Under Investigation
2024-08-19,20,Vandalism,18.506733,73.847959,Sample City,Blunt Object,29,Open
2023-03-20,14,Fraud,18.549233,73.880468,Sample City,Blunt Object,28,Closed
2024-04-20,17,Theft,18.53273,73.870934,Sample City,Unknown,47,Closed
2023-08-06,23,Assault,18.540722,73.879323,Sample City,Blunt Object,7,Closed
2024-06-11,17,Theft,18.530697,73.8675,Sample City,Blunt Object,44,Closed
2024-06-02,21,Assault,18.532906,73.856054,Sample City,Blunt Object,27,Closed
2024-09-06,14,Robbery,18.474211,73.820859,Sample City,None,55,Closed
2023-11-14,13,Burglary,18.54384,73.828783,Sample City,Unknown,39,Open
2024-01-02,17,Assault,18.522049,73.851808,Sample City,Firearm,36,Under Investigation
2023-12-02,12,Theft,18.478954,73.808348,Sample City,None,41,Closed
2023-11-16,23,Fraud,18.507052,73.846797,Sample City,Unknown,10,Closed
2024-10-07,16,Drug Offense,18.525127,73.861266,Sample City,None,32,Under Investigation
2024-10-18,7,Theft,18.536074,73.846144,Sample City,Unknown,12,Open
2023-04-30,5,Drug Offense,18.488754,73.853679,Sample City,None,30,Under Investigation
2023-06-21,13,Vandalism,18.530309,73.856321,Sample City,Knife,22,Open
2023-04-19,22,Theft,18.513529,73.845613,Sample City,Unknown,64,Closed
2024-03-24,9,Burglary,18.530794,73.856738,Sample City,None,31,Open
2024-12-28,22,Robbery,18.531718,73.863052,Sample City,None,27,Open
2023-05-09,14,Assault,18.514305,73.866006,Sample City,None,43,Under Investigation
2024-11-15,19,Robbery,18.472867,73.875493,Sample City,Blunt Object,32,Closed
2024-04-18,23,Drug Offense,18.539522,73.876381,Sample City,Knife,36,Closed
2023-05-17,14,Fraud,18.540974,73.855719,Sample City,None,51,Closed
2024-10-22,13,Drug Offense,18.54546,73.878932,Sample City,Firearm,43,Closed
2023-11-04,17,Drug Offense,18.516616,73.8665,Sample City,None,26,Closed
2023-11-24,18,Drug Offense,18.506587,73.839454,Sample City,None,47,Closed
2023-07-19,23,Theft,18.504207,73.844357,Sample City,Knife,25,Closed
2024-11-18,23,Vandalism,18.511996,73.837626,Sample City,None,50,Closed
2024-09-14,18,Vandalism,18.513434,73.812231,Sample City,None,40,Closed
2024-06-28,19,Burglary,18.518183,73.845038,Sample City,None,30,Closed
2024-07-04,18,Theft,18.542626,73.885574,Sample City,Unknown,22,Closed
2024-05-25,23,Robbery,18.523076,73.852501,Sample City,Firearm,5,Open
2023-08-28,11,Vehicle Theft,18.577122,73.877912,Sample City,None,26,Under Investigation
2024-10-22,21,Robbery,18.526556,73.860056,Sample City,Knife,41,Under Investigation
2024-08-27,19,Vandalism,18.512213,73.845379,Sample City,Firearm,14,Open
2023-09-18,23,Assault,18.522718,73.865182,Sample City,Knife,32,Open
2023-10-19,16,Assault,18.514949,73.873245,Sample City,None,36,Closed
2023-11-14,18,Burglary,18.534024,73.853166,Sample City,Blunt Object,23,Closed
2023-11-30,19,Vandalism,18.525727,73.857905,Sample City,Knife,36,Closed
2024-07-23,21,Assault,18.511207,73.844607,Sample City,None,11,Closed
2023-04-24,16,Assault,18.512542,73.846894,Sample City,Unknown,40,Closed
2024-12-28,20,Vandalism,18.539538,73.859019,Sample City,Blunt Object,35,Open
2023-02-25,23,Vehicle Theft,18.542295,73.85132,Sample City,Firearm,42,Closed
2023-06-12,23,Drug Offense,18.526277,73.8555,Sample City,None,33,Open
2024-03-05,23,Assault,18.528672,73.855175,Sample City,Firearm,59,Closed
2023-12-08,18,Theft,18.52551,73.857478,Sample City,Firearm,17,Open
2024-04-29,16,Assault,18.525923,73.861743,Sample City,Blunt Object,60,Open
2024-09-12,23,Vehicle Theft,18.530782,73.860509,Sample City,None,41,Closed
2023-01-09,7,Burglary,18.514105,73.857177,Sample City,None,50,Under Investigation
2023-11-23,22,Assault,18.539993,73.880577,Sample City,None,43,Open
2024-11-27,21,Fraud,18.534642,73.851971,Sample City,Firearm,34,Closed
2023-01-07,15,Theft,18.539363,73.880366,Sample City,Blunt Object,42,Closed
2023-08-01,23,Burglary,18.541466,73.893893,Sample City,None,24,Open
2023-04-15,23,Theft,18.527602,73.872721,Sample City,Knife,32,Closed
2023-06-30,23,Assault,18.551831,73.867655,Sample City,None,40,Closed
2024-12-10,20,Fraud,18.505818,73.846709,Sample City,Blunt Object,43,Open
2024-02-12,22,Assault,18.509347,73.817773,Sample City,Firearm,13,Closed
2023-05-04,12,Theft,18.525124,73.872703,Sample City,None,19,Closed
2024-03-20,23,Vandalism,18.538919,73.868745,Sample City,Knife,44,Open
2024-09-25,15,Vandalism,18.51094,73.85685,Sample City,Firearm,34,Closed
2023-06-25,13,Theft,18.516066,73.840239,Sample City,Knife,44,Open
2024-10-19,10,Fraud,18.536837,73.881679,Sample City,None,20,Closed
2024-06-12,18,Assault,18.539324,73.879092,Sample City,None,27,Open
2023-02-18,23,Theft,18.522605,73.8448,Sample City,Blunt Object,35,Open
2024-04-10,23,Vandalism,18.519909,73.864351,Sample City,None,27,Open
2024-04-18,12,Burglary,18.542018,73.788147,Sample City,None,20,Open
2024-03-06,13,Assault,18.531074,73.859583,Sample City,None,37,Closed
2024-06-01,22,Fraud,18.506299,73.85008,Sample City,Unknown,42,Open
2023-04-03,17,Theft,18.517262,73.842758,Sample City,Blunt Object,22,Under Investigation
2023-05-15,19,Vandalism,18.524781,73.808173,Sample City,None,10,Open
2024-12-24,9,Fraud,18.540707,73.853421,Sample City,None,34,Open
2024-04-20,15,Theft,18.479324,73.847568,Sample City,None,36,Closed
2023-01-05,17,Theft,18.54904,73.89436,Sample City,None,25,Closed
2023-03-07,22,Fraud,18.512163,73.853382,Sample City,None,20,Open
2024-06-27,21,Vandalism,18.534136,73.859044,Sample City,None,14,Closed
2023-03-31,23,Assault,18.477432,73.866899,Sample City,Knife,44,Open
2023-10-13,23,Burglary,18.532507,73.854841,Sample City,Firearm,25,Closed
2024-07-30,18,Robbery,18.519447,73.853768,Sample City,None,38,Closed
2023-01-14,23,Theft,18.550514,73.875609,Sample City,None,31,Closed
2024-05-03,23,Theft,18.462865,73.791237,Sample City,None,22,Closed
2023-09-20,17,Drug Offense,18.540663,73.883348,Sample City,Blunt Object,27,Under Investigation
2024-04-15,15,Theft,18.537978,73.865631,Sample City,None,46,Open
2024-10-14,16,Theft,18.536347,73.851163,Sample City,None,40,Under Investigation
2024-10-18,15,Burglary,18.527948,73.866671,Sample City,Blunt Object,14,Under Investigation
2024-03-19,17,Burglary,18.532028,73.859588,Sample City,None,49,Closed
2023-09-06,23,Vandalism,18.420323,73.895217,Sample City,Blunt Object,24,Under Investigation
2024-07-17,23,Fraud,18.542496,73.868455,Sample City,Blunt Object,21,Open
2024-03-12,13,Theft,18.528435,73.870105,Sample City,None,28,Closed
2023-04-26,14,Assault,18.570785,73.847685,Sample City,None,22,Closed
2024-04-10,22,Assault,18.498451,73.862518,Sample City,Firearm,31,Closed
2023-04-17,21,Assault,18.552144,73.874401,Sample City,None,13,Closed
2023-03-10,15,Vehicle Theft,18.51901,73.854593,Sample City,None,23,Open
2023-12-30,23,Assault,18.522443,73.862143,Sample City,None,25,Closed
2024-01-03,19,Drug Offense,18.504203,73.855475,Sample City,None,34,Closed
2024-10-04,20,Vehicle Theft,18.497246,73.853724,Sample City,None,21,Closed
2023-05-24,23,Burglary,18.508104,73.842216,Sample City,None,33,Closed
2024-03-07,10,Assault,18.538189,73.834133,Sample City,Unknown,35,Open
2023-12-08,18,Drug Offense,18.490436,73.863106,Sample City,None,39,Closed
2024-04-11,16,Theft,18.519562,73.88158,Sample City,None,28,Under Investigation
2023-02-10,16,Theft,18.543032,73.857878,Sample City,None,35,Under Investigation
2024-03-29,13,Vandalism,18.499336,73.847856,Sample City,None,28,Open
2023-11-02,23,Vandalism,18.55609,73.900326,Sample City,None,21,Under Investigation
2024-02-01,15,Robbery,18.557388,73.846598,Sample City,Unknown,32,Closed
2023-06-20,22,Assault,18.507655,73.82608,Sample City,Knife,10,Closed
2023-01-11,19,Theft,18.520911,73.862307,Sample City,Unknown,29,Open
2023-02-28,21,Theft,18.524582,73.820717,Sample City,Blunt Object,49,Closed
2023-06-23,15,Vandalism,18.520161,73.866102,Sample City,Blunt Object,42,Closed
2023-05-03,22,Burglary,18.528413,73.844221,Sample City,Blunt Object,5,Closed
2024-04-16,16,Drug Offense,18.506247,73.851177,Sample City,Unknown,20,Closed
2023-10-31,18,Fraud,18.60581,73.842672,Sample City,Blunt Object,23,Under Investigation
2024-10-19,23,Theft,18.529176,73.858919,Sample City,None,31,Closed
2024-12-09,19,Robbery,18.531123,73.85677,Sample City,None,33,Closed
2024-08-20,22,Fraud,18.556865,73.825086,Sample City,None,23,Open
2023-10-05,17,Burglary,18.530787,73.858486,Sample City,Knife,38,Under Investigation
2023-02-27,23,Theft,18.527593,73.864656,Sample City,Knife,28,Closed
2023-11-18,23,Vandalism,18.490297,73.827635,Sample City,Firearm,22,Closed
2023-06-07,20,Fraud,18.529015,73.855473,Sample City,None,53,Closed
2023-02-19,21,Assault,18.546623,73.878763,Sample City,None,53,Closed
2024-03-03,21,Drug Offense,18.530201,73.852182,Sample City,None,14,Under Investigation
2023-11-07,23,Theft,18.595899,73.836171,Sample City,Unknown,15,Open
2023-06-21,23,Vandalism,18.51218,73.844429,Sample City,None,36,Under Investigation
2024-12-07,18,Fraud,18.577191,73.80555,Sample City,None,36,Closed
2023-06-18,10,Vehicle Theft,18.530885,73.872876,Sample City,Blunt Object,16,Closed
2024-12-06,23,Assault,18.558965,73.820556,Sample City,None,20,Closed
2024-10-29,16,Vandalism,18.541704,73.854419,Sample City,None,14,Open
2024-03-27,18,Vehicle Theft,18.50879,73.903777,Sample City,Blunt Object,21,Open
2024-01-04,18,Assault,18.506904,73.843861,Sample City,None,31,Open
2024-11-26,23,Burglary,18.53991,73.867977,Sample City,None,41,Closed
2023-05-30,8,Fraud,18.53509,73.859536,Sample City,Blunt Object,6,Closed
2024-05-28,18,Vandalism,18.538007,73.853297,Sample City,None,38,Open
2024-12-16,11,Theft,18.529154,73.862858,Sample City,None,35,Closed
2023-12-12,21,Theft,18.52718,73.861923,Sample City,None,28,Closed
2024-08-01,6,Theft,18.536382,73.867076,Sample City,Firearm,40,Under Investigation
2023-01-11,18,Fraud,18.530566,73.875593,Sample City,Knife,58,Under Investigation
2024-09-29,13,Theft,18.528809,73.849025,Sample City,None,23,Closed
2024-02-02,23,Vandalism,18.5028,73.841933,Sample City,Blunt Object,31,Open
2023-07-25,19,Burglary,18.530323,73.852223,Sample City,Knife,31,Closed
2023-08-10,20,Theft,18.500129,73.877523,Sample City,None,23,Under Investigation
2023-09-22,23,Assault,18.505759,73.84398,Sample City,None,29,Closed
2024-08-22,10,Assault,18.508009,73.89634,Sample City,None,32,Open
2023-05-15,19,Theft,18.536907,73.86176,Sample City,None,43,Open
2024-05-16,17,Drug Offense,18.525406,73.855342,Sample City,None,44,Open
2023-06-22,14,Burglary,18.518668,73.838339,Sample City,Knife,47,Closed
2024-12-12,16,Theft,18.534415,73.879659,Sample City,None,55,Open
2024-08-22,15,Fraud,18.524841,73.863689,Sample City,Knife,9,Open
2024-06-13,13,Assault,18.519794,73.865779,Sample City,None,34,Closed
2024-11-21,12,Vandalism,18.525657,73.863556,Sample City,Blunt Object,19,Closed
2023-01-25,21,Vandalism,18.529298,73.869497,Sample City,Firearm,39,Under Investigation
2023-08-03,10,Vandalism,18.526339,73.859684,Sample City,Blunt Object,41,Closed
2023-08-07,23,Fraud,18.504978,73.885167,Sample City,None,24,Closed
2023-05-10,15,Theft,18.535132,73.868002,Sample City,None,43,Open
2023-11-20,21,Assault,18.532284,73.862747,Sample City,Firearm,51,Closed
2024-09-26,14,Robbery,18.504139,73.854288,Sample City,None,27,Closed
2023-10-11,23,Robbery,18.503973,73.841023,Sample City,Unknown,45,Closed
2024-01-19,23,Vandalism,18.496632,73.844338,Sample City,Unknown,40,Under Investigation
2024-02-02,11,Vandalism,18.525606,73.85668,Sample City,Firearm,35,Open
2023-07-05,17,Fraud,18.527082,73.876723,Sample City,None,29,Open
2024-02-23,10,Theft,18.509794,73.844506,Sample City,Blunt Object,24,Under Investigation
2024-05-24,18,Assault,18.538754,73.861617,Sample City,None,49,Closed
2024-03-28,17,Theft,18.526574,73.872286,Sample City,Blunt Object,13,Closed
2024-12-23,9,Vandalism,18.523537,73.86398,Sample City,None,35,Closed
2023-02-23,23,Vandalism,18.546575,73.877007,Sample City,None,22,Closed
2023-06-01,12,Vehicle Theft,18.502167,73.838624,Sample City,None,27,Under Investigation
2024-05-15,15,Drug Offense,18.533855,73.852371,Sample City,Unknown,31,Closed
2023-11-29,23,Theft,18.526752,73.858631,Sample City,None,34,Closed
2024-09-30,12,Burglary,18.521592,73.850457,Sample City,Unknown,52,Open
2023-02-06,15,Theft,18.53853,73.868387,Sample City,None,34,Under Investigation
2023-10-01,12,Burglary,18.530035,73.860541,Sample City,None,26,Open
2023-04-23,19,Theft,18.525778,73.860083,Sample City,Knife,39,Open
2024-06-18,20,Theft,18.543156,73.89435,Sample City,None,26,Under Investigation
2023-02-15,15,Theft,18.539712,73.869718,Sample City,None,34,Closed
2023-03-22,20,Assault,18.541598,73.87465,Sample City,Firearm,27,Open
2024-07-10,22,Theft,18.539175,73.858347,Sample City,None,32,Closed
2024-06-29,20,Theft,18.520425,73.868219,Sample City,Knife,48,Closed
2024-02-12,19,Assault,18.525913,73.856087,Sample City,Knife,38,Closed
2023-01-14,20,Assault,18.523962,73.871635,Sample City,Unknown,32,Open
2024-02-21,23,Robbery,18.510254,73.839419,Sample City,Knife,37,Under Investigation
2024-06-04,19,Theft,18.52799,73.853202,Sample City,None,21,Closed
2023-03-13,18,Vehicle Theft,18.545656,73.802495,Sample City,Unknown,38,Closed
2024-01-14,15,Vandalism,18.532954,73.874439,Sample City,Unknown,5,Closed
2023-09-11,15,Theft,18.522158,73.890567,Sample City,None,56,Under Investigation
2024-02-20,16,Theft,18.512605,73.850977,Sample City,Unknown,52,Closed
2024-12-17,18,Robbery,18.527231,73.862309,Sample City,None,52,Closed
2024-06-13,21,Robbery,18.536281,73.860884,Sample City,Knife,28,Open
2024-09-20,12,Vandalism,18.515841,73.866863,Sample City,Knife,31,Open
2023-05-22,21,Fraud,18.523062,73.857908,Sample City,None,30,Under Investigation
2023-06-20,21,Burglary,18.515414,73.85482,Sample City,Firearm,5,Closed
2023-10-09,23,Theft,18.535516,73.859256,Sample City,Unknown,46,Open
2024-10-25,20,Robbery,18.541728,73.852533,Sample City,None,31,Open
2023-04-19,23,Burglary,18.51955,73.83725,Sample City,None,26,Open
2023-02-15,11,Assault,18.540754,73.868434,Sample City,Knife,11,Open
2024-01-05,23,Robbery,18.512303,73.838466,Sample City,None,20,Closed
2024-09-30,19,Theft,18.522646,73.864906,Sample City,None,31,Closed
2023-12-24,10,Assault,18.572656,73.829751,Sample City,None,25,Closed
2023-11-11,17,Fraud,18.533497,73.872085,Sample City,Blunt Object,18,Closed
2023-05-23,22,Robbery,18.505315,73.838431,Sample City,Knife,46,Open
2023-07-29,17,Vandalism,18.517204,73.848372,Sample City,None,50,Under Investigation
2023-02-18,16,Theft,18.502636,73.846722,Sample City,Unknown,36,Closed
2024-06-16,16,Vandalism,18.517241,73.845717,Sample City,None,38,Open
2024-09-05,16,Vandalism,18.522288,73.845441,Sample City,Unknown,30,Closed
2023-12-07,23,Fraud,18.533183,73.85761,Sample City,Knife,34,Under Investigation
2023-03-17,18,Theft,18.550347,73.894403,Sample City,Unknown,18,Closed
2024-11-21,11,Fraud,18.532953,73.86311,Sample City,None,25,Closed
2024-02-16,23,Robbery,18.510385,73.834262,Sample City,None,40,Open
2024-03-25,12,Burglary,18.493879,73.877519,Sample City,None,29,Open
2023-07-08,17,Fraud,18.509303,73.841773,Sample City,None,28,Open
2023-04-27,23,Theft,18.526767,73.867108,Sample City,Knife,6,Closed
2023-09-07,7,Vandalism,18.515205,73.853581,Sample City,Knife,39,Open
2024-09-07,23,Fraud,18.515438,73.843129,Sample City,None,26,Closed
2023-09-21,21,Theft,18.49761,73.831461,Sample City,Unknown,27,Closed
2024-07-14,23,Theft,18.528056,73.857806,Sample City,Blunt Object,44,Closed
2023-09-25,12,Theft,18.527558,73.887986,Sample City,None,44,Open
2024-08-15,13,Theft,18.536795,73.881759,Sample City,None,39,Under Investigation
2023-01-18,16,Vandalism,18.552361,73.872313,Sample City,None,13,Closed
2023-08-03,16,Vandalism,18.541745,73.871097,Sample City,Unknown,47,Open
2023-12-27,23,Burglary,18.501926,73.850709,Sample City,Knife,28,Under Investigation
2023-09-18,15,Burglary,18.508047,73.847375,Sample City,Knife,13,Under Investigation
2023-10-14,17,Vandalism,18.535723,73.875039,Sample City,None,36,Open
2024-10-19,15,Vandalism,18.550476,73.866914,Sample City,None,38,Closed
2024-01-14,9,Burglary,18.528121,73.876699,Sample City,None,7,Under Investigation
2024-04-12,12,Theft,18.543477,73.863341,Sample City,None,35,Closed
2023-04-23,18,Theft,18.543941,73.873514,Sample City,Unknown,23,Open
2023-08-10,12,Burglary,18.535279,73.873659,Sample City,Blunt Object,31,Under Investigation
2023-09-21,21,Theft,18.533954,73.850634,Sample City,Knife,41,Open
2024-02-16,14,Theft,18.532432,73.853169,Sample City,Knife,29,Under Investigation
2024-01-01,14,Drug Offense,18.527956,73.864513,Sample City,None,49,Closed
2023-12-20,23,Vandalism,18.506791,73.835091,Sample City,None,40,Under Investigation
2023-08-18,23,Fraud,18.496658,73.838013,Sample City,Blunt Object,30,Open
2023-04-15,23,Fraud,18.531952,73.855856,Sample City,None,48,Closed
2024-04-28,23,Vandalism,18.533769,73.875338,Sample City,Knife,25,Closed
2023-10-08,18,Fraud,18.520094,73.86249,Sample City,None,30,Open
2024-11-11,19,Drug Offense,18.515085,73.856487,Sample City,Unknown,29,Open
2024-09-03,19,Burglary,18.52355,73.859986,Sample City,Unknown,19,Closed
2024-05-19,16,Fraud,18.532173,73.856851,Sample City,Knife,33,Under Investigation
2024-06-11,14,Theft,18.523138,73.857492,Sample City,None,39,Under Investigation
2024-06-05,17,Vandalism,18.526191,73.850321,Sample City,None,34,Under Investigation
2023-02-02,23,Burglary,18.52283,73.860321,Sample City,Knife,42,Closed
2023-07-16,9,Fraud,18.503553,73.848559,Sample City,None,7,Open
2024-06-01,23,Vehicle Theft,18.52867,73.870385,Sample City,Knife,29,Under Investigation
2024-02-01,15,Drug Offense,18.547716,73.878402,Sample City,None,16,Closed
2023-12-14,10,Theft,18.520778,73.864014,Sample City,None,18,Open
2024-12-25,16,Burglary,18.526269,73.859426,Sample City,Blunt Object,32,Closed
2024-07-13,23,Theft,18.532168,73.829802,Sample City,None,34,Under Investigation
2023-01-20,23,Assault,18.535624,73.857692,Sample City,None,43,Closed
2024-01-15,23,Theft,18.525206,73.861626,Sample City,None,38,Closed
2023-03-07,17,Assault,18.545363,73.873109,Sample City,Unknown,30,Open
2023-04-05,23,Theft,18.524612,73.863784,Sample City,None,23,Open
2024-04-20,20,Theft,18.568021,73.876655,Sample City,None,19,Closed
2023-04-04,20,Vehicle Theft,18.527624,73.861284,Sample City,None,36,Closed
2023-12-27,23,Vandalism,18.511233,73.842273,Sample City,None,35,Under Investigation
2024-01-03,11,Robbery,18.518805,73.862925,Sample City,Firearm,36,Open
2024-09-27,21,Assault,18.533407,73.864855,Sample City,Unknown,32,Open
2023-12-25,23,Vehicle Theft,18.501341,73.827795,Sample City,Knife,18,Closed
2023-10-11,13,Theft,18.515984,73.844284,Sample City,None,40,Open
2024-01-02,23,Assault,18.530619,73.855727,Sample City,Knife,28,Closed
2024-09-10,19,Theft,18.535788,73.884016,Sample City,Unknown,41,Open
2024-04-10,19,Vehicle Theft,18.532121,73.861137,Sample City,None,24,Open
2024-10-22,23,Theft,18.527983,73.859283,Sample City,None,34,Closed
2024-08-15,15,Assault,18.55191,73.859075,Sample City,None,55,Closed
2024-01-28,23,Vehicle Theft,18.511309,73.840333,Sample City,Blunt Object,49,Closed
2024-12-01,22,Theft,18.535208,73.86298,Sample City,None,60,Open
2024-01-27,15,Theft,18.537135,73.851526,Sample City,Unknown,61,Open
2023-03-21,18,Vandalism,18.524359,73.797682,Sample City,None,23,Closed
2023-05-22,16,Vehicle Theft,18.520382,73.860588,Sample City,None,45,Closed
2024-07-05,18,Robbery,18.542328,73.88435,Sample City,None,45,Closed
2023-11-30,18,Drug Offense,18.485177,73.839272,Sample City,Knife,14,Under Investigation
2024-04-07,22,Theft,18.537581,73.875526,Sample City,Knife,33,Closed
2023-08-13,19,Drug Offense,18.495798,73.845457,Sample City,Unknown,44,Closed
2024-02-14,15,Theft,18.534021,73.859812,Sample City,None,35,Under Investigation
2024-03-14,16,Vehicle Theft,18.541694,73.869502,Sample City,None,24,Open
2024-06-13,20,Vandalism,18.53458,73.860411,Sample City,None,30,Closed
2024-06-16,23,Drug Offense,18.534927,73.863329,Sample City,Unknown,16,Closed
2024-07-27,7,Burglary,18.509267,73.852262,Sample City,Knife,27,Closed
2024-05-08,17,Assault,18.506022,73.841468,Sample City,Blunt Object,31,Closed
2024-01-20,18,Assault,18.521523,73.862402,Sample City,Knife,28,Closed
2023-02-22,20,Fraud,18.534313,73.851987,Sample City,None,22,Closed
2024-08-14,20,Burglary,18.516296,73.866198,Sample City,Firearm,32,Closed
2023-11-07,19,Vandalism,18.506605,73.842852,Sample City,Knife,40,Open
2023-06-26,22,Theft,18.504932,73.843879,Sample City,None,5,Closed
2023-07-08,20,Fraud,18.556014,73.823285,Sample City,None,38,Closed
2024-05-30,19,Theft,18.533183,73.850551,Sample City,None,26,Closed
2023-12-10,18,Vandalism,18.538264,73.852201,Sample City,None,35,Closed
2023-01-05,22,Fraud,18.51929,73.858631,Sample City,None,20,Closed
2023-05-31,22,Theft,18.533057,73.868054,Sample City,None,25,Closed
2024-06-25,20,Drug Offense,18.528936,73.861517,Sample City,None,18,Closed
2024-11-02,12,Theft,18.532888,73.834616,Sample City,None,35,Open
2023-12-12,23,Theft,18.528078,73.851155,Sample City,None,38,Open
2024-11-16,4,Fraud,18.525089,73.864363,Sample City,Firearm,23,Closed
2023-10-05,16,Assault,18.559516,73.846844,Sample City,Knife,40,Open
2024-05-07,19,Theft,18.534282,73.861968,Sample City,None,47,Closed
2023-10-09,22,Vandalism,18.542219,73.857524,Sample City,Unknown,41,Open
2023-10-30,15,Vehicle Theft,18.548264,73.87727,Sample City,Blunt Object,33,Under Investigation
2024-02-15,23,Burglary,18.52106,73.856075,Sample City,Knife,20,Under Investigation
2023-09-24,23,Assault,18.533138,73.859571,Sample City,Unknown,17,Under Investigation
2024-05-31,12,Drug Offense,18.510894,73.842982,Sample City,None,24,Closed
2024-03-16,17,Drug Offense,18.527479,73.867115,Sample City,Knife,15,Under Investigation
2024-03-29,17,Burglary,18.515564,73.842467,Sample City,None,31,Closed
2024-03-13,8,Assault,18.524857,73.853604,Sample City,None,27,Under Investigation
2024-02-10,21,Vandalism,18.534789,73.885042,Sample City,None,25,Closed
2024-07-27,19,Drug Offense,18.51918,73.847208,Sample City,None,17,Closed
2023-03-09,13,Vehicle Theft,18.51291,73.851849,Sample City,None,40,Closed
2024-10-04,15,Burglary,18.5036,73.844177,Sample City,Knife,30,Open
2023-11-04,10,Vandalism,18.55577,73.896642,Sample City,None,40,Open
2024-03-19,14,Theft,18.463113,73.83299,Sample City,Unknown,39,Closed
2023-05-31,23,Theft,18.530329,73.875942,Sample City,None,28,Under Investigation
2023-10-07,19,Vandalism,18.51292,73.837097,Sample City,Knife,21,Closed
2024-04-23,13,Theft,18.538522,73.866076,Sample City,None,35,Under Investigation
2023-03-22,19,Burglary,18.47204,73.867011,Sample City,None,29,Closed
2023-08-22,19,Assault,18.50869,73.841927,Sample City,None,7,Closed
2023-06-03,17,Theft,18.569985,73.890106,Sample City,Knife,25,Under Investigation
2024-04-14,16,Assault,18.542077,73.870341,Sample City,Unknown,28,Closed
2023-11-25,20,Theft,18.550976,73.859333,Sample City,None,29,Open
2024-07-18,19,Fraud,18.515313,73.839391,Sample City,Firearm,41,Open
2023-04-03,23,Fraud,18.524118,73.859608,Sample City,None,28,Closed
2023-12-06,22,Theft,18.532252,73.857273,Sample City,None,43,Closed
2024-04-13,23,Vehicle Theft,18.527576,73.850123,Sample City,None,32,Under Investigation
2024-10-06,22,Vehicle Theft,18.529202,73.860559,Sample City,None,36,Open
2023-12-14,15,Burglary,18.524769,73.863245,Sample City,None,5,Closed
2023-02-05,10,Theft,18.506631,73.848943,Sample City,None,27,Open
2023-12-30,19,Theft,18.515992,73.842865,Sample City,None,38,Closed
2023-02-01,19,Assault,18.514926,73.850563,Sample City,None,48,Closed
2023-03-08,17,Assault,18.522729,73.852008,Sample City,Blunt Object,28,Open
2024-12-25,13,Theft,18.526526,73.856356,Sample City,None,34,Open
2023-08-30,10,Assault,18.589748,73.854455,Sample City,Knife,36,Open
2024-03-21,14,Fraud,18.53864,73.871215,Sample City,Unknown,33,Open
2023-05-09,20,Assault,18.541744,73.859482,Sample City,None,41,Closed
2023-09-05,11,Theft,18.537586,73.858695,Sample City,Blunt Object,17,Open
2023-09-29,13,Theft,18.550513,73.869051,Sample City,Unknown,42,Open
2024-08-23,20,Burglary,18.509211,73.822353,Sample City,None,28,Closed
2023-05-27,21,Burglary,18.524605,73.866625,Sample City,None,38,Closed
2024-05-16,17,Theft,18.535608,73.861348,Sample City,Blunt Object,41,Closed
2024-02-05,18,Vandalism,18.533519,73.838637,Sample City,None,10,Closed
2023-07-22,23,Drug Offense,18.525088,73.866323,Sample City,None,28,Closed
2023-08-24,19,Vehicle Theft,18.520735,73.842289,Sample City,None,46,Closed
2024-12-10,13,Burglary,18.510948,73.858685,Sample City,None,22,Closed
2024-10-29,18,Theft,18.516034,73.864623,Sample City,Unknown,45,Open
2024-02-28,21,Fraud,18.532929,73.856904,Sample City,Firearm,31,Open
2024-03-20,23,Vandalism,18.533138,73.793113,Sample City,None,40,Closed
2023-11-02,23,Theft,18.525496,73.857757,Sample City,Unknown,34,Closed
2024-09-10,19,Fraud,18.486194,73.817418,Sample City,None,29,Open
2024-12-24,20,Burglary,18.532874,73.852967,Sample City,Unknown,42,Closed
2024-04-07,17,Assault,18.538101,73.873746,Sample City,None,22,Under Investigation
2024-06-15,10,Robbery,18.531738,73.854059,Sample City,None,30,Open
2024-06-20,23,Robbery,18.533194,73.861926,Sample City,None,28,Open
2024-09-16,22,Drug Offense,18.531216,73.847162,Sample City,None,38,Open
2023-10-04,18,Fraud,18.540478,73.874139,Sample City,None,39,Open
2024-07-27,17,Assault,18.544413,73.875178,Sample City,None,48,Under Investigation
2023-06-28,16,Assault,18.49492,73.887598,Sample City,Blunt Object,43,Open
2024-07-06,7,Assault,18.546242,73.879874,Sample City,Blunt Object,30,Open
2024-09-05,19,Vandalism,18.52917,73.856048,Sample City,None,18,Closed
2024-04-03,17,Theft,18.483574,73.858014,Sample City,None,32,Open
2024-03-22,19,Theft,18.535042,73.858344,Sample City,None,44,Closed
2023-08-12,17,Vandalism,18.523791,73.850468,Sample City,None,25,Closed
2023-01-18,23,Theft,18.530847,73.850114,Sample City,None,11,Open
2024-04-18,21,Drug Offense,18.542469,73.856786,Sample City,Knife,15,Under Investigation
2024-06-23,18,Theft,18.529635,73.861448,Sample City,None,39,Under Investigation
2023-03-29,23,Burglary,18.536406,73.872446,Sample City,Unknown,23,Closed
2023-06-17,23,Burglary,18.529173,73.863617,Sample City,None,26,Closed
2024-06-03,23,Theft,18.534397,73.850812,Sample City,None,25,Open
2023-09-19,8,Theft,18.535543,73.852013,Sample City,None,48,Open
2023-10-10,16,Theft,18.5064,73.851643,Sample City,None,39,Closed
2023-06-24,21,Assault,18.509371,73.841116,Sample City,None,36,Open
2023-10-19,16,Theft,18.532697,73.860217,Sample City,None,26,Closed
2023-09-19,17,Assault,18.556223,73.883313,Sample City,None,55,Under Investigation
2023-05-16,21,Assault,18.525967,73.858542,Sample City,Blunt Object,20,Closed
2024-03-14,14,Robbery,18.514431,73.853089,Sample City,None,43,Closed
2024-06-18,19,Robbery,18.511167,73.845868,Sample City,Knife,31,Under Investigation
2023-11-23,15,Robbery,18.539942,73.860523,Sample City,Blunt Object,57,Open
2023-01-10,15,Assault,18.498521,73.841566,Sample City,None,44,Closed
2024-04-29,14,Theft,18.504245,73.897582,Sample City,Blunt Object,44,Closed
2024-09-10,16,Robbery,18.531604,73.867721,Sample City,None,40,Closed
2023-01-05,16,Vandalism,18.533409,73.865539,Sample City,Unknown,30,Closed
2024-07-14,17,Vandalism,18.517699,73.867603,Sample City,None,42,Open
2023-02-20,17,Theft,18.532157,73.857599,Sample City,None,23,Closed
2023-11-04,21,Assault,18.503266,73.785093,Sample City,Knife,28,Open
2024-05-12,21,Robbery,18.498314,73.886431,Sample City,Knife,53,Open
2023-01-17,16,Theft,18.536629,73.858867,Sample City,None,27,Under Investigation
2024-12-19,22,Vehicle Theft,18.511502,73.839372,Sample City,Knife,26,Open
2023-08-22,22,Assault,18.538902,73.867402,Sample City,None,26,Closed
2023-08-04,19,Fraud,18.514811,73.863397,Sample City,Blunt Object,23,Open
2024-10-21,15,Theft,18.544135,73.874127,Sample City,None,22,Under Investigation
2024-02-16,23,Vehicle Theft,18.524044,73.839254,Sample City,None,16,Open
2024-01-03,16,Assault,18.5252,73.848734,Sample City,Blunt Object,48,Closed
2023-05-17,17,Fraud,18.526567,73.848424,Sample City,Blunt Object,16,Under Investigation
2023-08-28,15,Assault,18.531517,73.86959,Sample City,None,21,Under Investigation
2024-06-24,13,Assault,18.538431,73.88198,Sample City,None,39,Closed
2023-11-14,23,Vandalism,18.52946,73.842316,Sample City,Firearm,33,Closed
2023-03-18,19,Assault,18.509442,73.842518,Sample City,Blunt Object,30,Open
2023-11-27,20,Theft,18.537106,73.86262,Sample City,None,31,Closed
2024-01-16,23,Drug Offense,18.537239,73.862478,Sample City,None,41,Open
2023-03-29,18,Theft,18.485924,73.872239,Sample City,Unknown,39,Open
2023-09-05,20,Burglary,18.498256,73.863428,Sample City,None,19,Under Investigation
2024-12-30,15,Drug Offense,18.526667,73.857288,Sample City,Knife,12,Closed
2024-04-14,18,Vandalism,18.49607,73.879029,Sample City,Unknown,41,Closed
2024-11-30,13,Vandalism,18.520635,73.863968,Sample City,None,5,Closed
2023-10-06,19,Vehicle Theft,18.512384,73.849717,Sample City,None,29,Closed
2023-09-06,17,Robbery,18.521109,73.860945,Sample City,None,32,Closed
2024-10-27,23,Theft,18.511338,73.845414,Sample City,None,51,Closed
2023-12-09,22,Burglary,18.50622,73.853117,Sample City,None,40,Closed
2024-06-29,21,Assault,18.498553,73.823928,Sample City,None,34,Closed
2023-04-08,17,Theft,18.538888,73.871724,Sample City,None,48,Closed
2023-11-05,23,Burglary,18.534121,73.878571,Sample City,Blunt Object,35,Closed
2023-07-02,17,Fraud,18.531547,73.862241,Sample City,None,39,Closed
2024-08-21,18,Vandalism,18.536278,73.853424,Sample City,Firearm,33,Open
2023-09-20,18,Vehicle Theft,18.534712,73.8591,Sample City,Firearm,40,Closed
2024-03-31,23,Theft,18.507376,73.840367,Sample City,None,46,Closed
2023-06-09,12,Drug Offense,18.517212,73.846654,Sample City,Firearm,27,Open
2024-04-29,20,Burglary,18.532159,73.854089,Sample City,Knife,5,Under Investigation
2024-08-31,16,Vandalism,18.511023,73.841029,Sample City,Knife,41,Closed
2024-05-29,21,Theft,18.53435,73.878036,Sample City,Unknown,35,Open
2024-10-12,18,Theft,18.505295,73.829724,Sample City,None,58,Open
2023-02-02,16,Theft,18.52176,73.853196,Sample City,Knife,47,Open
2024-08-10,16,Fraud,18.505785,73.831232,Sample City,None,33,Open
2023-04-03,13,Theft,18.520375,73.857758,Sample City,None,40,Open
2024-11-15,5,Theft,18.536429,73.869323,Sample City,Firearm,53,Open
2024-11-22,16,Fraud,18.53377,73.861429,Sample City,None,23,Closed
2024-03-02,23,Fraud,18.531748,73.859157,Sample City,Knife,9,Closed
2024-05-19,23,Burglary,18.475893,73.900717,Sample City,Firearm,29,Closed
2023-11-10,8,Theft,18.504445,73.848598,Sample City,Knife,38,Closed
2024-02-19,23,Drug Offense,18.506173,73.85301,Sample City,None,30,Open
2023-08-30,21,Vandalism,18.541551,73.864733,Sample City,None,34,Closed
2024-03-13,23,Theft,18.53427,73.863868,Sample City,Knife,34,Open
2024-05-28,15,Robbery,18.50712,73.839839,Sample City,None,35,Open
2024-12-26,23,Vehicle Theft,18.533449,73.862942,Sample City,None,29,Closed
2024-08-05,19,Theft,18.501916,73.847224,Sample City,None,30,Closed
2024-07-22,13,Burglary,18.539195,73.851846,Sample City,Firearm,27,Closed
2023-12-17,15,Vandalism,18.527388,73.858758,Sample City,None,11,Closed
2024-04-29,21,Theft,18.479151,73.890835,Sample City,None,49,Closed
2024-03-03,16,Theft,18.506251,73.863303,Sample City,Knife,46,Closed
2024-04-19,14,Theft,18.517132,73.854974,Sample City,Knife,35,Open
2024-01-25,17,Drug Offense,18.513231,73.836413,Sample City,None,11,Closed
2024-06-29,16,Burglary,18.52275,73.856014,Sample City,None,23,Closed
2024-02-20,22,Fraud,18.531243,73.861116,Sample City,Knife,56,Open
2023-05-20,14,Burglary,18.540761,73.873265,Sample City,None,19,Closed
2023-01-17,16,Theft,18.534607,73.86268,Sample City,Firearm,32,Closed
2023-05-02,16,Fraud,18.554596,73.854252,Sample City,None,27,Open
2023-06-20,19,Vandalism,18.521525,73.861818,Sample City,None,48,Open
2023-10-24,13,Vehicle Theft,18.488688,73.862341,Sample City,Blunt Object,24,Open
2024-05-25,23,Vandalism,18.512524,73.836965,Sample City,Unknown,43,Open
2023-03-15,21,Theft,18.524627,73.844081,Sample City,Firearm,43,Under Investigation
2023-10-04,17,Drug Offense,18.532601,73.864004,Sample City,None,7,Open
2023-04-07,20,Drug Offense,18.522866,73.79844,Sample City,Knife,36,Open
2023-10-08,23,Assault,18.53417,73.861049,Sample City,None,25,Open
2023-03-19,4,Theft,18.568193,73.825557,Sample City,None,25,Under Investigation
2024-06-13,23,Drug Offense,18.542037,73.862549,Sample City,Knife,25,Open
2023-12-04,14,Vandalism,18.527988,73.852387,Sample City,None,5,Closed
2024-06-11,23,Burglary,18.528786,73.874532,Sample City,None,35,Closed
2023-11-15,21,Drug Offense,18.528146,73.860491,Sample City,None,33,Closed
2023-07-08,21,Vandalism,18.527439,73.861868,Sample City,None,36,Closed
2023-02-14,14,Drug Offense,18.529192,73.867524,Sample City,Knife,22,Closed
2024-11-15,21,Assault,18.512021,73.854473,Sample City,Blunt Object,34,Under Investigation
2023-04-27,23,Theft,18.510423,73.892042,Sample City,None,23,Closed
2024-02-29,16,Theft,18.546769,73.878818,Sample City,Unknown,40,Closed
2023-03-30,8,Burglary,18.535647,73.847497,Sample City,Knife,7,Under Investigation
2023-02-20,20,Assault,18.552416,73.880508,Sample City,Blunt Object,19,Closed
2023-08-12,22,Vehicle Theft,18.569408,73.825459,Sample City,Firearm,24,Closed
2023-05-29,20,Vandalism,18.531498,73.840722,Sample City,Unknown,36,Open
2023-07-22,18,Drug Offense,18.540442,73.870293,Sample City,None,42,Closed
2023-10-11,16,Burglary,18.530986,73.81642,Sample City,Knife,36,Closed
2024-03-23,23,Theft,18.508186,73.845012,Sample City,None,39,Closed
2024-04-24,19,Vehicle Theft,18.529375,73.847655,Sample City,None,7,Closed
2024-08-09,16,Theft,18.526825,73.858694,Sample City,None,31,Closed
2023-06-29,20,Vehicle Theft,18.517717,73.781616,Sample City,None,20,Closed
2023-04-27,19,Assault,18.517362,73.851862,Sample City,None,25,Open
2023-05-06,23,Assault,18.470434,73.89407,Sample City,None,37,Open
2023-10-24,16,Fraud,18.538947,73.87249,Sample City,None,48,Open
2024-10-02,19,Fraud,18.525771,73.833759,Sample City,Unknown,22,Closed
2024-09-15,21,Burglary,18.516233,73.851413,Sample City,Unknown,33,Under Investigation
2023-01-18,20,Assault,18.537178,73.884227,Sample City,Blunt Object,39,Closed
2023-08-01,23,Theft,18.547623,73.868815,Sample City,Unknown,32,Open
2023-01-31,23,Robbery,18.542657,73.870785,Sample City,None,31,Closed
2023-09-03,16,Burglary,18.564476,73.880025,Sample City,None,22,Closed
2024-07-01,19,Assault,18.498375,73.872097,Sample City,None,25,Open
2024-11-18,23,Assault,18.541281,73.885519,Sample City,Knife,41,Open
2023-10-03,21,Burglary,18.536511,73.85787,Sample City,None,44,Under Investigation
2023-06-25,23,Fraud,18.503992,73.857355,Sample City,Unknown,29,Open
2023-10-23,19,Robbery,18.529017,73.862553,Sample City,None,42,Closed
2023-01-23,23,Theft,18.472079,73.868286,Sample City,Knife,9,Closed
2024-12-05,19,Assault,18.451874,73.86775,Sample City,None,17,Closed
2023-03-08,23,Theft,18.517645,73.848815,Sample City,Knife,16,Open
2024-09-27,19,Vehicle Theft,18.543871,73.882334,Sample City,Knife,54,Closed
2023-08-21,21,Theft,18.538995,73.87422,Sample City,Blunt Object,44,Closed
2023-03-10,23,Vandalism,18.527578,73.864862,Sample City,None,20,Open
2024-12-15,20,Theft,18.516189,73.842584,Sample City,Firearm,15,Closed
2023-01-30,23,Fraud,18.509362,73.84551,Sample City,None,14,Closed
2024-01-12,17,Theft,18.590841,73.874979,Sample City,None,37,Closed
2023-01-10,20,Theft,18.52809,73.864364,Sample City,None,5,Closed
2023-02-05,10,Drug Offense,18.533533,73.858654,Sample City,None,27,Closed
2023-04-09,19,Robbery,18.543647,73.867838,Sample City,None,38,Open
2024-10-06,12,Burglary,18.50921,73.84756,Sample City,Firearm,13,Closed
2024-02-12,23,Theft,18.534505,73.848188,Sample City,Firearm,43,Open
2024-01-20,23,Theft,18.529122,73.841587,Sample City,None,24,Closed
2024-01-14,12,Drug Offense,18.47802,73.835813,Sample City,None,54,Open
2024-12-13,20,Theft,18.52398,73.864247,Sample City,Blunt Object,8,Closed
2024-08-20,20,Drug Offense,18.546879,73.868408,Sample City,Unknown,34,Open
2023-02-23,12,Theft,18.511529,73.855296,Sample City,None,26,Closed
2024-05-22,21,Vandalism,18.523873,73.830191,Sample City,Blunt Object,12,Closed
2023-05-17,17,Assault,18.49077,73.836233,Sample City,Knife,30,Closed
2023-11-02,15,Theft,18.519107,73.864176,Sample City,Unknown,26,Closed
2023-09-30,23,Assault,18.511173,73.846076,Sample City,None,24,Open
2024-01-11,18,Vandalism,18.540213,73.859093,Sample City,None,22,Open
2023-07-29,14,Theft,18.530773,73.864129,Sample City,None,49,Closed
2024-05-13,21,Vandalism,18.526356,73.856444,Sample City,Unknown,41,Open
2023-05-31,19,Drug Offense,18.522914,73.848971,Sample City,None,17,Open
2023-08-25,23,Robbery,18.490438,73.832146,Sample City,None,38,Open
2024-04-28,21,Fraud,18.538611,73.875406,Sample City,None,31,Closed
2023-01-23,23,Theft,18.532633,73.871043,Sample City,None,48,Closed
2024-03-28,11,Fraud,18.540448,73.868879,Sample City,None,23,Open
2023-07-15,17,Fraud,18.523246,73.856755,Sample City,Knife,36,Open
2024-08-24,20,Drug Offense,18.535988,73.861096,Sample City,None,28,Open
2023-10-28,13,Fraud,18.553435,73.874196,Sample City,Knife,24,Closed
2024-01-11,23,Burglary,18.531019,73.856393,Sample City,None,29,Open
2024-04-18,23,Drug Offense,18.494878,73.861475,Sample City,Knife,28,Closed
2024-03-09,20,Fraud,18.509875,73.854836,Sample City,Blunt Object,24,Closed
2024-07-10,16,Assault,18.504583,73.864392,Sample City,None,23,Open
2024-07-15,20,Assault,18.529867,73.857648,Sample City,Firearm,35,Open
2024-03-25,19,Robbery,18.516777,73.848343,Sample City,Blunt Object,29,Closed
2024-10-23,20,Theft,18.528487,73.850408,Sample City,None,39,Closed
2024-05-30,21,Theft,18.538569,73.879065,Sample City,None,22,Closed
2024-05-07,19,Vandalism,18.50977,73.922989,Sample City,Knife,35,Open
2023-11-17,16,Drug Offense,18.542789,73.88239,Sample City,None,5,Closed
2024-12-30,12,Robbery,18.538887,73.88158,Sample City,None,32,Closed
2023-08-05,18,Theft,18.49951,73.883057,Sample City,None,27,Closed
2023-07-30,17,Assault,18.515186,73.842349,Sample City,Knife,22,Under Investigation
2023-03-19,21,Vehicle Theft,18.507831,73.842553,Sample City,Blunt Object,9,Closed
2024-02-20,23,Theft,18.513349,73.849571,Sample City,None,41,Closed
2023-06-07,9,Vehicle Theft,18.529435,73.854992,Sample City,None,16,Closed
2024-08-14,14,Theft,18.527392,73.864756,Sample City,Knife,42,Closed
2023-07-18,16,Assault,18.531484,73.862628,Sample City,None,31,Closed
2023-07-18,12,Vandalism,18.514074,73.834809,Sample City,None,27,Open
2023-10-25,21,Burglary,18.53202,73.852475,Sample City,Blunt Object,33,Closed
2024-10-23,11,Vehicle Theft,18.537309,73.841927,Sample City,Knife,20,Closed
2024-02-02,23,Burglary,18.49325,73.840295,Sample City,Blunt Object,35,Open
2023-06-07,15,Theft,18.536117,73.85804,Sample City,None,42,Closed
2023-12-13,21,Assault,18.503909,73.852834,Sample City,None,30,Closed
2024-06-29,17,Burglary,18.507724,73.834256,Sample City,Blunt Object,39,Closed
2023-08-26,22,Vehicle Theft,18.536259,73.879407,Sample City,Firearm,29,Closed
2024-03-18,22,Theft,18.519504,73.837093,Sample City,Firearm,31,Closed
2023-05-02,14,Burglary,18.494264,73.838655,Sample City,None,41,Closed
2024-08-25,20,Assault,18.550479,73.807379,Sample City,None,25,Closed
2024-06-16,22,Vehicle Theft,18.555225,73.878594,Sample City,None,26,Closed
2024-12-22,22,Assault,18.526323,73.85845,Sample City,Knife,16,Open
2023-02-19,21,Theft,18.534698,73.88392,Sample City,None,27,Closed
2023-04-13,7,Vandalism,18.51863,73.866765,Sample City,None,40,Closed
2024-05-12,19,Assault,18.527309,73.86539,Sample City,None,39,Under Investigation
2024-06-04,22,Burglary,18.516928,73.843517,Sample City,None,13,Closed
2023-12-15,21,Theft,18.522609,73.852334,Sample City,None,17,Open
2024-07-26,17,Vehicle Theft,18.522271,73.858199,Sample City,None,32,Closed
2023-03-18,14,Theft,18.503358,73.844741,Sample City,None,41,Closed
2024-03-26,18,Theft,18.528495,73.861427,Sample City,Unknown,26,Under Investigation
2023-05-18,18,Drug Offense,18.507205,73.848585,Sample City,Unknown,30,Open
2024-01-11,14,Burglary,18.533154,73.867913,Sample City,Unknown,34,Open
2024-02-26,17,Burglary,18.544102,73.867625,Sample City,None,44,Closed
2023-03-28,18,Burglary,18.53579,73.87306,Sample City,None,31,Closed
2023-10-19,13,Robbery,18.526151,73.86086,Sample City,Knife,22,Closed
2023-12-03,23,Theft,18.531212,73.851315,Sample City,Unknown,24,Open
2023-02-24,11,Vehicle Theft,18.548779,73.846462,Sample City,Unknown,18,Open
2024-12-23,13,Theft,18.528294,73.858226,Sample City,None,30,Closed
2023-02-21,18,Fraud,18.527044,73.85431,Sample City,None,34,Closed
2023-06-26,13,Vandalism,18.507104,73.849669,Sample City,None,39,Closed
2023-06-08,18,Theft,18.525659,73.872111,Sample City,Unknown,5,Closed
2023-07-22,23,Robbery,18.545469,73.864975,Sample City,None,43,Open
2024-08-29,13,Fraud,18.537592,73.853314,Sample City,Blunt Object,23,Closed
2023-10-04,16,Vandalism,18.519491,73.855206,Sample City,None,50,Open
2023-02-17,14,Fraud,18.509558,73.846748,Sample City,Blunt Object,27,Closed
2024-05-22,14,Theft,18.531139,73.875755,Sample City,Knife,12,Closed
2023-07-12,21,Vandalism,18.484588,73.906822,Sample City,None,30,Open
2023-05-21,23,Vehicle Theft,18.500859,73.83374,Sample City,None,46,Open
2023-11-28,13,Theft,18.525665,73.859779,Sample City,None,20,Closed
2024-12-17,21,Robbery,18.540734,73.879262,Sample City,None,31,Closed
2023-01-04,17,Theft,18.525564,73.855261,Sample City,None,40,Closed
2023-08-03,15,Assault,18.57697,73.801591,Sample City,Unknown,11,Open
2023-08-05,16,Robbery,18.538002,73.864665,Sample City,Blunt Object,22,Closed
2023-08-27,10,Vandalism,18.537675,73.864409,Sample City,None,48,Open
2023-03-17,7,Robbery,18.54289,73.875455,Sample City,Blunt Object,18,Closed
2024-08-30,18,Vandalism,18.509176,73.848182,Sample City,None,41,Open
2023-03-04,19,Assault,18.536387,73.859274,Sample City,None,27,Closed
2023-11-08,19,Vandalism,18.52893,73.861511,Sample City,Knife,20,Closed
2024-03-20,23,Assault,18.54274,73.856974,Sample City,None,22,Closed
2024-04-27,17,Vandalism,18.52866,73.862607,Sample City,None,21,Closed
2023-03-24,18,Theft,18.542137,73.861611,Sample City,None,32,Open
2024-11-24,13,Theft,18.495315,73.844412,Sample City,None,26,Closed
2024-06-02,17,Burglary,18.536725,73.864106,Sample City,None,29,Open
2024-12-15,23,Vandalism,18.525234,73.86657,Sample City,None,36,Closed
2023-02-16,20,Robbery,18.529132,73.862124,Sample City,Firearm,29,Closed
2023-04-19,9,Robbery,18.481748,73.862759,Sample City,None,44,Closed
2024-04-21,20,Fraud,18.524867,73.863706,Sample City,None,32,Closed
2023-12-20,21,Theft,18.534453,73.86849,Sample City,Blunt Object,25,Closed
2024-08-20,13,Vandalism,18.532365,73.858374,Sample City,None,61,Closed
2024-08-29,12,Theft,18.533822,73.882336,Sample City,Knife,31,Under Investigation
2023-03-10,23,Vehicle Theft,18.493099,73.868549,Sample City,None,27,Closed
2023-07-21,17,Theft,18.538246,73.861157,Sample City,None,36,Closed
2024-08-12,23,Theft,18.499757,73.861457,Sample City,Knife,27,Closed
2023-11-13,14,Theft,18.535826,73.815896,Sample City,Blunt Object,28,Closed
2024-09-25,17,Vandalism,18.541252,73.870794,Sample City,None,44,Closed
2024-02-06,23,Drug Offense,18.510967,73.840476,Sample City,Blunt Object,42,Open
2024-10-06,19,Assault,18.529257,73.829309,Sample City,None,49,Under Investigation
2024-12-20,23,Theft,18.505345,73.85121,Sample City,Unknown,34,Open
2024-04-28,18,Fraud,18.540848,73.85361,Sample City,None,17,Open
2024-01-30,19,Vehicle Theft,18.528176,73.854424,Sample City,Unknown,23,Closed
2023-05-11,21,Fraud,18.53129,73.851456,Sample City,Blunt Object,38,Open
2023-03-31,18,Assault,18.56137,73.821163,Sample City,Blunt Object,19,Closed
2024-07-06,17,Assault,18.501666,73.837163,Sample City,None,26,Closed
2023-09-26,23,Drug Offense,18.528593,73.816646,Sample City,None,33,Open
2024-12-29,12,Robbery,18.519223,73.863182,Sample City,None,26,Closed
2024-10-22,15,Theft,18.5263,73.863866,Sample City,None,45,Open
2023-07-07,20,Theft,18.526564,73.858059,Sample City,Blunt Object,45,Closed
2024-01-02,12,Robbery,18.531228,73.888159,Sample City,Blunt Object,24,Closed
2024-04-18,23,Theft,18.561622,73.826475,Sample City,None,48,Under Investigation
2024-07-24,20,Assault,18.518668,73.853935,Sample City,Knife,34,Under Investigation
2024-06-28,23,Assault,18.530979,73.866791,Sample City,None,15,Closed
2023-09-21,22,Drug Offense,18.533324,73.81243,Sample City,None,54,Open
2024-01-03,17,Assault,18.488261,73.844082,Sample City,Blunt Object,33,Closed
2024-08-26,17,Drug Offense,18.523013,73.863234,Sample City,None,56,Open
2023-10-18,23,Vandalism,18.502662,73.837267,Sample City,None,19,Closed
2023-08-23,23,Assault,18.528666,73.857615,Sample City,Unknown,35,Closed
2024-03-12,20,Robbery,18.529084,73.884687,Sample City,None,24,Closed
2024-10-01,21,Theft,18.539314,73.855645,Sample City,Unknown,38,Open
2024-07-01,13,Vandalism,18.512269,73.815876,Sample City,None,53,Open
2023-08-10,23,Vehicle Theft,18.516768,73.866523,Sample City,Blunt Object,34,Closed
2024-09-11,15,Theft,18.529466,73.858228,Sample City,None,5,Open
2024-08-06,23,Burglary,18.535872,73.873269,Sample City,None,40,Under Investigation
2023-01-06,21,Burglary,18.541079,73.852183,Sample City,None,52,Closed
2024-03-05,23,Robbery,18.536114,73.853861,Sample City,None,23,Open
2023-12-05,21,Theft,18.568715,73.881111,Sample City,Blunt Object,49,Open
2024-05-26,17,Robbery,18.535819,73.866289,Sample City,Knife,39,Under Investigation
2024-04-07,23,Drug Offense,18.542591,73.871552,Sample City,None,50,Open
2024-12-29,17,Theft,18.533774,73.863309,Sample City,Knife,31,Under Investigation
2023-07-02,17,Drug Offense,18.536155,73.867427,Sample City,None,34,Open
2023-12-25,13,Theft,18.541722,73.86169,Sample City,Unknown,49,Closed
2024-02-26,11,Theft,18.523107,73.863008,Sample City,Firearm,34,Open
2024-09-28,13,Assault,18.504587,73.850715,Sample City,Firearm,47,Open
2024-02-03,17,Burglary,18.523655,73.849979,Sample City,Blunt Object,16,Closed
2023-09-07,22,Theft,18.538962,73.873612,Sample City,None,16,Open
2024-02-17,18,Theft,18.536765,73.878038,Sample City,None,48,Open
2024-02-15,21,Vandalism,18.533184,73.858904,Sample City,None,39,Open
2024-06-20,18,Burglary,18.529126,73.853966,Sample City,Blunt Object,36,Open
2024-09-10,18,Vehicle Theft,18.527503,73.84794,Sample City,None,40,Open
2023-12-23,21,Drug Offense,18.479529,73.85796,Sample City,Knife,37,Under Investigation
2023-02-23,23,Theft,18.507385,73.854072,Sample City,None,14,Open
2024-05-25,22,Theft,18.506605,73.84282,Sample City,None,30,Open
2024-04-27,16,Assault,18.540908,73.875922,Sample City,Knife,38,Under Investigation
2024-12-16,23,Drug Offense,18.55083,73.873702,Sample City,None,36,Closed
2024-11-08,18,Vehicle Theft,18.518792,73.859821,Sample City,Unknown,21,Closed
2024-07-27,23,Assault,18.525599,73.858571,Sample City,None,17,Closed
2023-04-05,19,Theft,18.506497,73.817032,Sample City,None,23,Under Investigation
2024-04-13,20,Assault,18.542258,73.857914,Sample City,None,20,Closed
2023-08-03,23,Fraud,18.528226,73.862301,Sample City,None,45,Closed
2023-01-01,18,Vehicle Theft,18.536142,73.853257,Sample City,Blunt Object,23,Under Investigation
2023-04-09,17,Burglary,18.53648,73.852846,Sample City,None,30,Open
2023-03-24,23,Vehicle Theft,18.539827,73.86148,Sample City,Knife,15,Open
2024-01-01,21,Robbery,18.521544,73.859424,Sample City,None,24,Under Investigation
2023-09-30,14,Vandalism,18.530787,73.857296,Sample City,Blunt Object,40,Open
2023-12-27,18,Assault,18.526202,73.865662,Sample City,None,49,Closed
2024-04-16,11,Theft,18.515033,73.838,Sample City,Blunt Object,40,Open
2024-04-22,15,Robbery,18.507044,73.851615,Sample City,Blunt Object,33,Under Investigation
2024-03-24,17,Theft,18.509181,73.844857,Sample City,None,21,Closed
2024-09-15,19,Vandalism,18.514018,73.837243,Sample City,Knife,13,Closed
2023-01-16,23,Fraud,18.533347,73.846648,Sample City,None,33,Under Investigation
2024-10-05,23,Assault,18.532697,73.850717,Sample City,None,35,Open
2023-09-27,21,Assault,18.486466,73.84125,Sample City,Unknown,39,Open
2024-04-17,23,Theft,18.536252,73.870002,Sample City,Knife,41,Closed
2023-07-26,15,Vehicle Theft,18.558301,73.880923,Sample City,None,33,Open
2024-10-18,22,Theft,18.531514,73.857507,Sample City,None,15,Open
2024-11-13,19,Burglary,18.517474,73.850846,Sample City,None,40,Closed
2023-08-19,7,Theft,18.53534,73.868581,Sample City,None,15,Closed
2023-07-28,18,Assault,18.538414,73.877657,Sample City,None,31,Closed
2023-01-03,23,Drug Offense,18.515192,73.84148,Sample City,None,16,Closed
2023-05-14,19,Theft,18.539395,73.871399,Sample City,Knife,38,Open
2024-07-14,21,Vehicle Theft,18.540931,73.854851,Sample City,None,29,Open
2024-05-10,13,Drug Offense,18.504263,73.839704,Sample City,Knife,36,Closed
2023-01-31,14,Vandalism,18.522371,73.859268,Sample City,Knife,26,Open
2024-09-04,14,Vandalism,18.518052,73.844863,Sample City,None,41,Open
2024-03-17,23,Vandalism,18.51278,73.847197,Sample City,Knife,29,Open
2024-01-12,21,Theft,18.524277,73.852411,Sample City,None,26,Closed
2024-12-24,23,Theft,18.53716,73.859484,Sample City,Blunt Object,38,Under Investigation
2024-09-14,23,Vandalism,18.49897,73.845657,Sample City,Blunt Object,53,Closed
2024-11-15,21,Assault,18.530249,73.862192,Sample City,None,44,Closed
2024-05-27,8,Assault,18.505329,73.851476,Sample City,Blunt Object,31,Closed
2023-04-18,16,Robbery,18.531374,73.851218,Sample City,None,39,Under Investigation
2024-08-26,20,Theft,18.544581,73.880759,Sample City,Blunt Object,23,Under Investigation
2023-09-23,23,Burglary,18.511643,73.83085,Sample City,Knife,45,Under Investigation
2023-10-10,14,Theft,18.531445,73.859979,Sample City,Blunt Object,34,Open
2024-09-12,16,Theft,18.526887,73.866264,Sample City,None,37,Closed
2024-03-22,23,Burglary,18.538456,73.881385,Sample City,None,40,Closed
2023-07-16,8,Burglary,18.481025,73.821113,Sample City,None,40,Closed
2023-11-04,15,Drug Offense,18.498609,73.852408,Sample City,Blunt Object,42,Closed
2024-12-06,15,Assault,18.53624,73.92753,Sample City,Knife,26,Open
2023-07-01,17,Theft,18.553574,73.848266,Sample City,None,30,Under Investigation
2024-01-03,15,Vandalism,18.506531,73.844447,Sample City,None,48,Closed
2023-07-12,21,Drug Offense,18.50352,73.881877,Sample City,None,32,Closed
2023-07-15,13,Burglary,18.542352,73.840811,Sample City,Blunt Object,25,Closed
2024-02-26,19,Drug Offense,18.541987,73.869058,Sample City,None,29,Closed
2024-06-10,21,Fraud,18.56187,73.890628,Sample City,None,13,Under Investigation
2024-09-03,23,Burglary,18.521963,73.870088,Sample City,Knife,31,Under Investigation
2024-03-11,21,Theft,18.510805,73.844142,Sample City,None,61,Closed
2023-01-12,19,Vehicle Theft,18.543429,73.87869,Sample City,None,24,Open
2023-12-08,18,Vandalism,18.505453,73.846673,Sample City,Blunt Object,57,Closed
2023-05-07,16,Drug Offense,18.538622,73.879968,Sample City,None,39,Under Investigation
2023-02-07,18,Vandalism,18.505505,73.839803,Sample City,Knife,40,Under Investigation
2023-05-16,18,Robbery,18.515984,73.850015,Sample City,Unknown,5,Open
2024-03-25,15,Assault,18.475229,73.86176,Sample City,Knife,32,Closed
2023-08-09,18,Drug Offense,18.546871,73.854297,Sample City,Blunt Object,51,Under Investigation
2024-01-03,23,Fraud,18.515312,73.850225,Sample City,None,26,Under Investigation
2024-07-01,23,Theft,18.532742,73.857832,Sample City,None,18,Closed
2023-06-26,10,Vandalism,18.532987,73.8807,Sample City,None,34,Open
2023-10-07,15,Assault,18.501167,73.81186,Sample City,Blunt Object,23,Closed
2023-02-24,18,Theft,18.51952,73.860349,Sample City,None,7,Open
2023-07-11,18,Theft,18.528269,73.857587,Sample City,Firearm,26,Closed
2024-12-20,11,Theft,18.525657,73.855557,Sample City,Firearm,40,Open
2024-07-27,15,Theft,18.512364,73.84527,Sample City,Firearm,46,Under Investigation
2023-05-05,23,Assault,18.537393,73.87041,Sample City,Unknown,30,Closed
2023-06-27,22,Drug Offense,18.511244,73.843189,Sample City,Knife,13,Closed
2023-11-02,16,Theft,18.54243,73.840497,Sample City,None,19,Open
2023-09-08,16,Robbery,18.521013,73.850935,Sample City,None,36,Closed
2023-05-09,20,Burglary,18.511817,73.847931,Sample City,Unknown,29,Closed
2023-01-07,22,Drug Offense,18.526901,73.873942,Sample City,None,29,Closed
2024-08-26,18,Theft,18.554533,73.864354,Sample City,None,40,Closed
2023-01-16,18,Robbery,18.547084,73.889878,Sample City,None,32,Open
2023-08-01,17,Fraud,18.507024,73.845857,Sample City,None,15,Under Investigation
2023-06-27,12,Assault,18.532176,73.855436,Sample City,Blunt Object,39,Closed
2023-12-07,17,Fraud,18.505525,73.846406,Sample City,None,11,Open
2024-04-10,21,Theft,18.531069,73.871356,Sample City,Knife,31,Closed
2023-08-10,23,Vehicle Theft,18.570596,73.831718,Sample City,Firearm,30,Closed
2024-11-25,9,Vandalism,18.482447,73.886039,Sample City,Firearm,11,Closed
2024-04-06,19,Theft,18.50427,73.841832,Sample City,None,31,Open
2023-09-03,13,Fraud,18.517666,73.86087,Sample City,Knife,37,Under Investigation
2023-01-20,23,Theft,18.542428,73.875389,Sample City,Knife,38,Closed
2024-08-19,23,Vehicle Theft,18.527787,73.860974,Sample City,None,15,Open
2024-02-14,15,Assault,18.528115,73.872817,Sample City,Blunt Object,14,Under Investigation
2023-04-02,21,Drug Offense,18.526576,73.769918,Sample City,None,49,Closed
2024-11-01,20,Assault,18.53338,73.861333,Sample City,None,42,Open
2023-05-04,16,Robbery,18.507491,73.830183,Sample City,None,34,Open
2023-08-29,17,Drug Offense,18.527115,73.853757,Sample City,Blunt Object,33,Closed
2023-02-02,18,Drug Offense,18.538808,73.873993,Sample City,None,36,Under Investigation
2024-09-24,18,Assault,18.520178,73.881115,Sample City,Firearm,36,Open
2023-03-31,13,Fraud,18.521715,73.832857,Sample City,None,21,Closed
2023-06-15,17,Burglary,18.472757,73.8565,Sample City,Unknown,31,Open
2024-10-12,18,Assault,18.536704,73.880555,Sample City,None,40,Open
2023-03-11,16,Theft,18.501458,73.859292,Sample City,Knife,37,Closed
2023-09-22,21,Drug Offense,18.533401,73.86802,Sample City,Knife,18,Closed
2024-10-26,23,Robbery,18.511331,73.84693,Sample City,Blunt Object,30,Open
2024-08-25,15,Robbery,18.54301,73.868938,Sample City,None,12,Open
2024-06-25,23,Theft,18.524724,73.855065,Sample City,None,36,Open
2023-02-03,20,Fraud,18.541676,73.868673,Sample City,None,53,Closed
2024-12-01,17,Theft,18.51526,73.8428,Sample City,Knife,39,Closed
2024-03-20,10,Burglary,18.516533,73.846131,Sample City,Unknown,56,Open
2023-07-29,15,Drug Offense,18.499809,73.841851,Sample City,None,17,Open
2024-12-16,23,Theft,18.528847,73.865073,Sample City,None,26,Open
2023-07-01,23,Burglary,18.537794,73.858619,Sample City,Blunt Object,26,Closed
2024-08-20,12,Fraud,18.529738,73.861298,Sample City,None,5,Open
2024-12-30,12,Robbery,18.501232,73.837127,Sample City,Blunt Object,24,Open
2023-08-12,22,Vandalism,18.519907,73.861094,Sample City,Unknown,31,Closed
2024-12-17,16,Assault,18.531549,73.864381,Sample City,None,22,Open
2024-06-01,23,Burglary,18.506869,73.843594,Sample City,Blunt Object,12,Closed
2023-09-17,23,Vandalism,18.464233,73.859564,Sample City,None,54,Closed
2024-12-24,14,Fraud,18.51415,73.917435,Sample City,None,29,Closed
2023-03-19,22,Fraud,18.527679,73.85358,Sample City,Blunt Object,23,Closed
2024-06-08,22,Assault,18.525642,73.887666,Sample City,None,24,Open
2024-08-24,22,Robbery,18.53423,73.870735,Sample City,Knife,35,Closed
2024-04-06,21,Robbery,18.529742,73.891642,Sample City,None,15,Open
2024-08-10,22,Drug Offense,18.531017,73.829306,Sample City,None,42,Open
2024-08-03,17,Theft,18.542929,73.875519,Sample City,Blunt Object,33,Open
2024-07-23,23,Theft,18.538643,73.876883,Sample City,None,39,Open
2023-02-25,23,Fraud,18.492297,73.90764,Sample City,None,46,Under Investigation
2024-11-14,21,Theft,18.531675,73.847043,Sample City,None,51,Closed
2023-03-15,22,Burglary,18.496301,73.87877,Sample City,None,29,Open
2024-05-13,18,Drug Offense,18.522344,73.860037,Sample City,Blunt Object,32,Closed
2024-02-03,15,Vandalism,18.507803,73.854376,Sample City,None,46,Closed
2024-03-26,16,Theft,18.545771,73.866086,Sample City,None,11,Closed
2024-02-28,7,Assault,18.540992,73.858019,Sample City,None,31,Closed
2024-01-01,17,Vandalism,18.500303,73.848161,Sample City,None,15,Under Investigation
2023-10-04,20,Theft,18.545829,73.871975,Sample City,Unknown,29,Closed
2023-01-06,23,Fraud,18.568283,73.864063,Sample City,None,31,Closed
2023-08-08,21,Theft,18.538094,73.858499,Sample City,Knife,31,Closed
2023-02-13,23,Theft,18.550128,73.885048,Sample City,None,34,Closed
2024-07-13,23,Vandalism,18.539688,73.852855,Sample City,Blunt Object,30,Closed
2024-08-14,23,Fraud,18.534684,73.856555,Sample City,None,30,Open
2023-02-17,23,Vandalism,18.53665,73.882295,Sample City,None,37,Open
2024-08-18,11,Theft,18.493179,73.83458,Sample City,None,44,Closed
2024-01-09,10,Drug Offense,18.540581,73.866798,Sample City,None,43,Closed
2024-10-17,17,Vehicle Theft,18.53528,73.872772,Sample City,None,26,Closed
2023-11-11,19,Assault,18.505889,73.840762,Sample City,None,22,Open
2023-04-01,21,Theft,18.533866,73.854204,Sample City,None,35,Open
2023-10-07,21,Vehicle Theft,18.527478,73.860404,Sample City,None,14,Closed
2024-12-12,19,Theft,18.499591,73.840414,Sample City,Firearm,38,Open
2023-07-19,19,Fraud,18.540069,73.860966,Sample City,Unknown,25,Closed
2023-11-20,12,Burglary,18.551121,73.886776,Sample City,Firearm,38,Open
2023-06-12,23,Fraud,18.542513,73.884037,Sample City,None,27,Closed
2023-02-27,18,Fraud,18.520999,73.86159,Sample City,Knife,53,Closed
2024-08-18,11,Robbery,18.522307,73.862588,Sample City,Unknown,33,Open
2024-02-20,23,Fraud,18.537228,73.862337,Sample City,Unknown,32,Closed
2023-06-25,18,Theft,18.539063,73.878707,Sample City,Knife,13,Closed
2024-05-31,17,Theft,18.523187,73.86081,Sample City,Firearm,39,Open
2024-12-17,21,Theft,18.506043,73.841862,Sample City,Blunt Object,28,Closed
2024-07-04,18,Vehicle Theft,18.507513,73.855211,Sample City,None,16,Closed
2024-10-22,16,Vehicle Theft,18.519306,73.849453,Sample City,None,24,Closed
2023-06-07,13,Vandalism,18.48809,73.878393,Sample City,None,38,Closed
2024-11-23,20,Theft,18.557203,73.877273,Sample City,Blunt Object,33,Open
2023-10-26,16,Fraud,18.50711,73.877383,Sample City,None,35,Under Investigation
2023-10-22,18,Burglary,18.507926,73.841555,Sample City,None,50,Closed
2023-08-19,14,Robbery,18.534147,73.853547,Sample City,None,27,Closed
2024-01-07,21,Fraud,18.47224,73.874915,Sample City,None,29,Under Investigation
2024-09-20,20,Assault,18.530586,73.854584,Sample City,Knife,44,Closed
2024-07-31,20,Assault,18.534588,73.8622,Sample City,Knife,34,Under Investigation
2024-06-17,21,Robbery,18.500742,73.875862,Sample City,Firearm,20,Closed
2024-12-24,23,Burglary,18.500741,73.83898,Sample City,Firearm,40,Closed
2024-08-05,15,Vehicle Theft,18.550968,73.872861,Sample City,None,5,Open
2023-07-08,16,Vandalism,18.528215,73.863332,Sample City,Blunt Object,41,Closed
2024-02-11,18,Assault,18.445495,73.857006,Sample City,None,9,Closed
2024-05-16,16,Assault,18.542285,73.879188,Sample City,None,40,Open
2023-04-21,23,Assault,18.50975,73.806938,Sample City,Blunt Object,42,Open
2023-03-31,16,Assault,18.508505,73.842437,Sample City,Unknown,20,Open
2024-11-09,22,Burglary,18.526443,73.861613,Sample City,None,40,Under Investigation
2024-08-17,19,Theft,18.532506,73.869,Sample City,Unknown,23,Open
2024-04-02,18,Theft,18.498519,73.821977,Sample City,Blunt Object,19,Open
2024-10-20,21,Assault,18.512696,73.848283,Sample City,Knife,28,Closed
2024-04-07,13,Vehicle Theft,18.537035,73.856538,Sample City,Knife,40,Open
2023-05-18,21,Assault,18.598017,73.896656,Sample City,None,30,Under Investigation
2023-10-09,18,Robbery,18.511713,73.835826,Sample City,Unknown,38,Under Investigation
2023-10-01,13,Robbery,18.548224,73.864777,Sample City,None,28,Open
2024-10-30,13,Burglary,18.539027,73.885973,Sample City,None,34,Closed
2023-11-04,23,Robbery,18.492793,73.79766,Sample City,None,24,Closed
2023-02-26,23,Burglary,18.548565,73.865928,Sample City,Unknown,25,Closed
2024-02-17,16,Drug Offense,18.519398,73.867192,Sample City,Knife,38,Closed
2024-01-07,23,Robbery,18.515867,73.841363,Sample City,Knife,16,Open
2023-06-05,16,Drug Offense,18.543098,73.874488,Sample City,None,48,Closed
2024-06-22,20,Theft,18.509418,73.845686,Sample City,None,22,Open
2023-06-20,23,Theft,18.536212,73.872314,Sample City,Blunt Object,35,Closed
2023-07-29,15,Theft,18.540515,73.860352,Sample City,None,29,Closed
2024-03-10,18,Fraud,18.494706,73.876154,Sample City,None,28,Closed
2023-10-05,21,Fraud,18.489,73.866183,Sample City,Blunt Object,45,Under Investigation
2024-12-21,19,Fraud,18.532189,73.880724,Sample City,None,39,Closed
2024-05-06,12,Assault,18.521066,73.859876,Sample City,None,11,Open
2024-05-14,17,Assault,18.529018,73.861442,Sample City,Unknown,20,Closed
2023-08-08,15,Robbery,18.50774,73.844235,Sample City,None,28,Closed
2024-06-06,16,Theft,18.542918,73.868966,Sample City,Knife,24,Closed
2023-09-20,23,Vandalism,18.528789,73.861329,Sample City,Knife,44,Under Investigation
2024-02-05,20,Theft,18.527652,73.858522,Sample City,Blunt Object,8,Under Investigation
2023-06-17,23,Vandalism,18.547296,73.870518,Sample City,None,42,Closed
2024-12-06,17,Assault,18.536662,73.86078,Sample City,None,22,Under Investigation
2023-08-20,23,Burglary,18.502596,73.834405,Sample City,Blunt Object,18,Under Investigation
2023-02-25,17,Theft,18.537872,73.864495,Sample City,Blunt Object,18,Closed
2024-06-26,20,Theft,18.524305,73.861352,Sample City,Blunt Object,48,Open
2024-10-23,14,Assault,18.528681,73.862751,Sample City,None,39,Open
2024-06-12,23,Drug Offense,18.510734,73.845326,Sample City,None,45,Open
2024-01-26,23,Assault,18.526213,73.852872,Sample City,Unknown,23,Under Investigation
2024-09-13,19,Drug Offense,18.530673,73.849662,Sample City,None,22,Open
2023-04-05,19,Vehicle Theft,18.543425,73.878693,Sample City,Knife,31,Closed
2024-05-03,17,Theft,18.487284,73.852134,Sample City,None,47,Under Investigation
2024-09-02,14,Robbery,18.529982,73.863669,Sample City,Unknown,33,Open
2023-09-30,19,Burglary,18.50365,73.814953,Sample City,Blunt Object,43,Open
2024-10-01,11,Fraud,18.531595,73.871705,Sample City,None,31,Under Investigation
2023-01-27,11,Theft,18.526086,73.859942,Sample City,None,31,Closed
2024-05-08,13,Burglary,18.54003,73.863799,Sample City,Blunt Object,28,Closed
2024-10-15,19,Vandalism,18.523198,73.853783,Sample City,None,16,Open
2024-02-10,9,Robbery,18.548099,73.875594,Sample City,Knife,29,Closed
2024-05-16,17,Vehicle Theft,18.504287,73.825885,Sample City,Knife,13,Under Investigation
2023-04-14,10,Vehicle Theft,18.539704,73.903913,Sample City,None,33,Open
2023-04-17,10,Theft,18.529568,73.868244,Sample City,Unknown,29,Closed
2023-10-26,17,Robbery,18.536049,73.879744,Sample City,None,43,Closed
2024-02-28,15,Vandalism,18.529443,73.853998,Sample City,None,51,Closed
2023-08-17,16,Burglary,18.526153,73.884858,Sample City,None,20,Under Investigation
2024-07-30,19,Assault,18.522324,73.842196,Sample City,None,12,Closed
2023-08-28,13,Burglary,18.544623,73.794402,Sample City,Knife,50,Open
2024-11-27,22,Burglary,18.534548,73.85251,Sample City,Unknown,26,Open
2023-12-01,23,Vandalism,18.538292,73.854369,Sample City,Knife,33,Closed
2024-04-21,19,Fraud,18.551493,73.864163,Sample City,Firearm,33,Under Investigation
2024-06-01,16,Assault,18.530497,73.810272,Sample City,Firearm,28,Under Investigation
2023-10-24,23,Assault,18.475939,73.814447,Sample City,None,18,Closed
2023-11-27,22,Vehicle Theft,18.52134,73.859141,Sample City,None,13,Closed
2023-07-26,23,Theft,18.487751,73.844363,Sample City,Blunt Object,18,Open
2024-05-30,19,Assault,18.509776,73.865881,Sample City,None,30,Under Investigation
2024-04-17,22,Theft,18.540264,73.856008,Sample City,None,36,Closed
2023-03-27,12,Fraud,18.527992,73.855119,Sample City,Blunt Object,28,Closed
2023-04-14,18,Theft,18.541025,73.875074,Sample City,Unknown,45,Under Investigation
2023-05-21,22,Assault,18.542519,73.86998,Sample City,None,23,Closed
2023-07-14,11,Vandalism,18.512625,73.842657,Sample City,None,22,Closed
2024-01-16,7,Assault,18.539193,73.874396,Sample City,None,22,Under Investigation
2023-11-03,16,Theft,18.506016,73.836566,Sample City,None,28,Closed
2023-11-09,20,Robbery,18.513833,73.842889,Sample City,None,16,Under Investigation
2024-07-12,13,Burglary,18.493027,73.853785,Sample City,Unknown,26,Open
2024-09-11,14,Fraud,18.488612,73.849541,Sample City,None,13,Open
2024-09-28,21,Vandalism,18.469401,73.828343,Sample City,None,29,Closed
2023-05-06,13,Vehicle Theft,18.515081,73.849102,Sample City,Knife,37,Open
2023-07-24,13,Burglary,18.520305,73.843983,Sample City,Unknown,38,Closed
2024-01-24,14,Theft,18.542927,73.870394,Sample City,Blunt Object,25,Under Investigation
2023-11-17,10,Burglary,18.529792,73.86615,Sample City,Knife,17,Closed
2023-08-07,16,Theft,18.543161,73.803703,Sample City,Blunt Object,35,Open
2023-08-23,16,Vandalism,18.531821,73.875599,Sample City,Firearm,44,Closed
2024-05-16,16,Vandalism,18.525677,73.796911,Sample City,Knife,22,Closed
2024-06-21,14,Vandalism,18.551534,73.855235,Sample City,Blunt Object,12,Open
2023-02-26,22,Vehicle Theft,18.535737,73.853197,Sample City,None,35,Closed
2024-11-02,14,Burglary,18.515157,73.83178,Sample City,None,32,Open
2024-08-08,23,Fraud,18.524734,73.859769,Sample City,None,31,Open
2024-05-27,14,Vehicle Theft,18.508267,73.864754,Sample City,Blunt Object,32,Closed
2023-05-04,10,Vehicle Theft,18.527945,73.846213,Sample City,Unknown,55,Closed
2024-05-25,20,Vehicle Theft,18.531606,73.858891,Sample City,None,16,Open
2023-07-15,16,Burglary,18.449554,73.823541,Sample City,None,31,Open
2024-05-17,19,Fraud,18.523161,73.858,Sample City,Unknown,22,Closed
2023-11-23,23,Assault,18.524823,73.864212,Sample City,Unknown,40,Open
2023-09-15,23,Burglary,18.531007,73.854223,Sample City,None,56,Closed
2023-12-27,20,Theft,18.50339,73.800719,Sample City,Blunt Object,42,Closed
2023-12-16,21,Drug Offense,18.568536,73.850356,Sample City,None,36,Under Investigation
2023-04-22,14,Robbery,18.54223,73.863888,Sample City,Blunt Object,31,Closed
2024-05-03,7,Vandalism,18.546242,73.878226,Sample City,Knife,35,Closed
2024-07-10,17,Theft,18.537227,73.861237,Sample City,None,26,Open
2024-02-16,19,Drug Offense,18.513883,73.881073,Sample City,None,32,Open
2024-09-15,22,Vehicle Theft,18.503936,73.851657,Sample City,None,26,Under Investigation
2023-07-14,13,Theft,18.526238,73.865566,Sample City,None,51,Closed
2024-06-02,23,Assault,18.528799,73.865338,Sample City,Knife,33,Open
2024-09-23,23,Theft,18.53056,73.85708,Sample City,None,26,Closed
2024-04-29,17,Burglary,18.517586,73.848019,Sample City,Unknown,25,Open
2024-12-22,14,Assault,18.536972,73.861332,Sample City,None,49,Closed
2024-06-07,23,Burglary,18.510636,73.894098,Sample City,None,48,Open
2024-01-19,17,Vandalism,18.541177,73.865907,Sample City,Knife,30,Open
2023-12-21,8,Fraud,18.501871,73.877346,Sample City,None,25,Closed
2023-03-17,13,Theft,18.527821,73.862794,Sample City,None,36,Open
2023-01-20,18,Vandalism,18.530775,73.854771,Sample City,Blunt Object,34,Open
2024-12-25,15,Vandalism,18.505142,73.876308,Sample City,Blunt Object,39,Under Investigation
2024-01-11,16,Robbery,18.531693,73.872396,Sample City,None,56,Closed
2024-07-07,23,Theft,18.469988,73.856666,Sample City,None,25,Open
2024-01-12,23,Robbery,18.515752,73.843225,Sample City,Blunt Object,20,Closed
2024-11-03,23,Assault,18.505313,73.831207,Sample City,None,13,Closed
2023-01-22,23,Drug Offense,18.537093,73.85758,Sample City,None,24,Under Investigation
2024-07-09,3,Robbery,18.528607,73.857609,Sample City,Blunt Object,40,Open
2024-05-24,19,Burglary,18.543183,73.872299,Sample City,None,61,Closed
2023-03-07,16,Theft,18.538738,73.853342,Sample City,None,24,Closed
2023-02-08,22,Vandalism,18.510663,73.91961,Sample City,None,35,Open
2023-01-09,21,Theft,18.518875,73.849447,Sample City,None,41,Closed
2023-04-24,20,Robbery,18.530214,73.859687,Sample City,Knife,27,Closed
2023-03-23,13,Assault,18.513735,73.857048,Sample City,Unknown,26,Closed
2024-06-19,23,Vandalism,18.531205,73.859925,Sample City,None,32,Closed
2023-07-25,23,Robbery,18.526809,73.856299,Sample City,Knife,45,Under Investigation
2024-09-18,15,Burglary,18.515812,73.842695,Sample City,None,27,Open
2023-05-10,23,Robbery,18.541085,73.843243,Sample City,None,14,Closed
2024-10-26,20,Burglary,18.540814,73.88152,Sample City,None,35,Under Investigation
2024-05-15,14,Theft,18.492669,73.818636,Sample City,Firearm,31,Open
2023-03-13,23,Theft,18.505921,73.848077,Sample City,None,38,Under Investigation
2023-07-08,15,Burglary,18.496006,73.854035,Sample City,Knife,22,Open
2024-12-21,22,Assault,18.561352,73.90722,Sample City,None,34,Closed
2024-05-17,21,Assault,18.527451,73.871349,Sample City,Unknown,31,Open
2024-08-07,18,Vandalism,18.533039,73.86338,Sample City,None,13,Open
2024-02-14,7,Drug Offense,18.549721,73.880132,Sample City,Unknown,46,Open
2024-04-23,14,Vehicle Theft,18.495562,73.850301,Sample City,Knife,16,Under Investigation
2023-07-29,23,Robbery,18.550025,73.869939,Sample City,None,53,Open
2023-01-27,23,Drug Offense,18.505589,73.838833,Sample City,None,27,Open
2024-07-27,11,Theft,18.533256,73.866757,Sample City,None,38,Closed
2023-12-14,21,Theft,18.516144,73.828498,Sample City,None,43,Open
2024-09-01,9,Assault,18.524527,73.864838,Sample City,Firearm,27,Closed
2023-02-23,22,Drug Offense,18.543186,73.894292,Sample City,None,23,Closed
2024-05-01,17,Theft,18.509179,73.844591,Sample City,Knife,31,Open
2024-07-08,9,Assault,18.503177,73.8488,Sample City,None,34,Closed
2024-08-01,13,Assault,18.518805,73.852461,Sample City,None,54,Closed
2024-03-05,17,Assault,18.537567,73.844691,Sample City,Knife,31,Open
2024-01-25,20,Theft,18.54229,73.885581,Sample City,None,37,Open
2023-01-13,15,Fraud,18.532579,73.871163,Sample City,None,39,Open
2023-03-12,13,Vehicle Theft,18.532226,73.886268,Sample City,Unknown,43,Closed
2023-07-04,15,Theft,18.511073,73.839986,Sample City,None,47,Open
2023-10-03,21,Assault,18.538584,73.862692,Sample City,None,26,Closed
2024-12-02,15,Drug Offense,18.493205,73.856911,Sample City,Unknown,24,Closed
2023-04-07,20,Burglary,18.531759,73.867683,Sample City,Firearm,29,Closed
2023-05-06,20,Fraud,18.547279,73.867908,Sample City,Knife,27,Open
2023-07-28,16,Burglary,18.545177,73.871569,Sample City,Knife,25,Open
2024-01-13,23,Drug Offense,18.53033,73.857789,Sample City,None,48,Open
2023-08-25,21,Theft,18.521712,73.84633,Sample City,None,21,Closed
2023-05-20,20,Assault,18.50654,73.85503,Sample City,None,25,Closed
2023-06-09,15,Burglary,18.51552,73.847206,Sample City,Knife,35,Open
2024-11-11,23,Fraud,18.538728,73.868171,Sample City,None,32,Open
2024-08-28,22,Vehicle Theft,18.492242,73.807441,Sample City,Blunt Object,30,Closed
2023-09-14,17,Fraud,18.518566,73.866047,Sample City,None,55,Open
2023-10-13,14,Robbery,18.536532,73.878554,Sample City,None,21,Open
2023-12-27,19,Burglary,18.53098,73.874884,Sample City,None,24,Closed
2024-05-09,23,Vandalism,18.527959,73.857097,Sample City,Blunt Object,37,Closed
2023-05-22,18,Theft,18.538601,73.865549,Sample City,Knife,41,Open
2023-09-10,21,Theft,18.563801,73.821803,Sample City,Unknown,36,Closed
2024-03-20,20,Assault,18.489998,73.875507,Sample City,None,25,Under Investigation
2024-05-20,15,Drug Offense,18.525897,73.86419,Sample City,Blunt Object,35,Closed
2024-12-07,23,Assault,18.462277,73.915628,Sample City,Knife,25,Closed
2024-10-25,20,Robbery,18.535899,73.851803,Sample City,None,33,Closed
2023-09-29,23,Theft,18.518804,73.858127,Sample City,None,24,Open
2023-07-28,19,Theft,18.511367,73.846566,Sample City,None,32,Closed
2023-12-04,21,Vandalism,18.551534,73.882498,Sample City,None,13,Closed
2023-09-12,15,Theft,18.524898,73.821762,Sample City,Firearm,35,Closed
2024-05-31,18,Theft,18.601877,73.910037,Sample City,None,31,Open
2024-10-05,21,Theft,18.530227,73.812002,Sample City,None,5,Closed
2023-05-17,23,Theft,18.550932,73.877595,Sample City,None,35,Open
2024-05-01,20,Theft,18.523607,73.863983,Sample City,Knife,42,Closed
2023-04-08,9,Vehicle Theft,18.530692,73.861225,Sample City,Unknown,28,Open
2024-04-27,23,Assault,18.5011,73.844358,Sample City,Firearm,16,Closed
2023-05-13,14,Theft,18.503922,73.844382,Sample City,Blunt Object,48,Closed
2024-10-08,20,Vehicle Theft,18.529152,73.852905,Sample City,Knife,16,Closed
2024-09-28,23,Vehicle Theft,18.530525,73.893007,Sample City,None,32,Closed
2024-05-26,23,Vehicle Theft,18.515145,73.84923,Sample City,None,29,Closed
2023-01-14,23,Vandalism,18.539928,73.898158,Sample City,Firearm,40,Closed
2024-11-12,23,Assault,18.53307,73.900305,Sample City,None,63,Closed
2024-01-20,15,Drug Offense,18.530643,73.864743,Sample City,None,30,Closed
2023-07-24,23,Burglary,18.501998,73.845646,Sample City,None,33,Open
2023-06-01,9,Vehicle Theft,18.532211,73.855252,Sample City,None,33,Closed
2023-08-20,20,Drug Offense,18.553197,73.815583,Sample City,None,21,Closed
2023-10-03,23,Assault,18.521415,73.864098,Sample City,Knife,29,Open
2023-09-02,23,Vandalism,18.508633,73.854462,Sample City,Unknown,45,Closed
2024-10-28,20,Vandalism,18.52774,73.859476,Sample City,Blunt Object,26,Closed
2023-09-08,18,Fraud,18.552195,73.831159,Sample City,Firearm,8,Open
2023-11-10,14,Vehicle Theft,18.547413,73.852747,Sample City,None,54,Closed
2023-05-06,7,Theft,18.519319,73.852988,Sample City,None,26,Closed
2024-11-18,19,Robbery,18.538041,73.865741,Sample City,None,24,Closed
2024-02-08,13,Theft,18.538877,73.877477,Sample City,None,22,Closed
2023-01-26,19,Theft,18.562186,73.930913,Sample City,None,42,Under Investigation
2023-03-07,19,Vehicle Theft,18.531442,73.854328,Sample City,None,33,Closed
2024-09-28,15,Vandalism,18.510964,73.853036,Sample City,None,42,Closed
2024-06-18,22,Assault,18.550314,73.868666,Sample City,Knife,42,Closed
2023-07-31,12,Theft,18.53116,73.859349,Sample City,None,28,Closed
2024-02-16,22,Assault,18.484568,73.821435,Sample City,None,29,Closed
2023-04-01,21,Theft,18.474456,73.867956,Sample City,Blunt Object,62,Open
2023-12-18,23,Theft,18.498744,73.842048,Sample City,None,55,Open
2023-09-29,19,Theft,18.55564,73.833086,Sample City,None,37,Under Investigation
2024-05-15,23,Drug Offense,18.530584,73.854763,Sample City,None,39,Open
2023-06-10,19,Vandalism,18.513626,73.841648,Sample City,None,28,Closed
2023-10-09,19,Assault,18.531576,73.856936,Sample City,None,42,Open
2023-08-01,17,Assault,18.506547,73.848467,Sample City,Unknown,25,Closed
2023-07-07,21,Assault,18.494391,73.843933,Sample City,Blunt Object,13,Under Investigation
2024-11-01,22,Assault,18.503471,73.848366,Sample City,None,22,Closed
2024-05-16,21,Vandalism,18.502423,73.852738,Sample City,Unknown,37,Closed
2024-12-26,22,Theft,18.520381,73.814781,Sample City,Blunt Object,36,Closed
2024-05-02,18,Vehicle Theft,18.532094,73.858791,Sample City,None,41,Open
2023-01-07,22,Burglary,18.534308,73.872218,Sample City,Knife,28,Under Investigation
2024-04-27,16,Assault,18.541214,73.872725,Sample City,None,17,Closed
2023-01-30,19,Vehicle Theft,18.570416,73.92255,Sample City,Blunt Object,18,Open
2024-07-30,18,Drug Offense,18.516828,73.85174,Sample City,None,22,Open
2023-08-29,14,Robbery,18.509082,73.840044,Sample City,None,52,Closed
2023-02-16,23,Theft,18.531532,73.861376,Sample City,None,52,Under Investigation
2024-02-09,20,Fraud,18.541208,73.872704,Sample City,Firearm,20,Open
2024-08-24,16,Theft,18.537989,73.879288,Sample City,None,26,Under Investigation
2023-03-15,23,Vandalism,18.532221,73.862559,Sample City,Firearm,42,Open
2023-01-17,17,Assault,18.538224,73.878205,Sample City,None,43,Closed
2023-06-11,19,Vehicle Theft,18.512059,73.84987,Sample City,None,7,Closed
2023-07-21,19,Burglary,18.530303,73.864512,Sample City,Knife,39,Closed
2024-05-13,17,Vehicle Theft,18.540471,73.878229,Sample City,Knife,43,Closed
2024-02-16,16,Burglary,18.531123,73.858526,Sample City,Firearm,36,Under Investigation
2024-09-03,16,Theft,18.508543,73.873806,Sample City,Blunt Object,26,Open
2023-11-02,12,Theft,18.535964,73.86114,Sample City,None,34,Closed
2023-09-15,22,Vandalism,18.526441,73.863334,Sample City,None,29,Open
2023-08-18,11,Theft,18.537496,73.859657,Sample City,Unknown,18,Open
2023-03-15,17,Fraud,18.534577,73.8599,Sample City,Knife,31,Closed
2024-05-22,12,Assault,18.542406,73.85955,Sample City,None,33,Closed
2023-09-04,20,Vandalism,18.534947,73.861644,Sample City,None,29,Closed
2024-08-05,23,Vehicle Theft,18.516743,73.856906,Sample City,None,19,Closed
2023-10-21,13,Theft,18.529454,73.850966,Sample City,None,37,Closed
2024-07-12,14,Burglary,18.500437,73.84683,Sample City,None,43,Closed
2024-10-10,23,Robbery,18.547835,73.866211,Sample City,None,55,Closed
2023-01-08,15,Vandalism,18.546694,73.876656,Sample City,Knife,51,Open
2023-03-01,23,Assault,18.539808,73.862491,Sample City,Unknown,35,Closed
2023-05-21,19,Robbery,18.516847,73.864392,Sample City,None,26,Closed
2023-04-25,23,Drug Offense,18.503511,73.874545,Sample City,None,20,Closed
2024-12-21,23,Theft,18.52095,73.858492,Sample City,None,9,Open
2023-01-30,21,Fraud,18.535009,73.858586,Sample City,None,26,Closed
2023-05-21,23,Burglary,18.537731,73.868104,Sample City,Knife,46,Closed
2023-04-21,23,Vandalism,18.508009,73.811278,Sample City,Firearm,24,Open
2024-03-16,20,Burglary,18.52903,73.862753,Sample City,None,34,Closed
2023-03-15,23,Drug Offense,18.515531,73.845847,Sample City,None,31,Open
2024-09-07,18,Fraud,18.514462,73.849843,Sample City,Firearm,30,Closed
2023-08-15,23,Assault,18.522287,73.890306,Sample City,Firearm,43,Open
2024-09-20,19,Theft,18.520333,73.841271,Sample City,Blunt Object,21,Closed
2023-05-15,18,Robbery,18.5315,73.874295,Sample City,Blunt Object,8,Open
2024-02-25,18,Vehicle Theft,18.532898,73.854881,Sample City,None,32,Open
2024-02-10,10,Theft,18.53542,73.861116,Sample City,None,45,Under Investigation
2024-11-23,23,Assault,18.542926,73.869378,Sample City,None,22,Open
2024-12-30,14,Vehicle Theft,18.494194,73.827379,Sample City,None,10,Closed
2023-11-05,18,Assault,18.488345,73.834054,Sample City,None,32,Open
2023-06-08,15,Theft,18.530605,73.874896,Sample City,Knife,25,Closed
2023-02-03,13,Burglary,18.52047,73.844567,Sample City,None,27,Closed
2023-05-24,13,Vandalism,18.491944,73.83971,Sample City,None,26,Closed
2024-05-06,23,Vandalism,18.495951,73.852424,Sample City,None,28,Under Investigation
2024-02-18,21,Vandalism,18.497654,73.858378,Sample City,Knife,6,Closed
2023-10-25,16,Theft,18.532963,73.853002,Sample City,Knife,36,Closed
2024-09-22,22,Theft,18.530982,73.854822,Sample City,None,37,Open
2024-10-17,17,Vandalism,18.509763,73.846755,Sample City,None,29,Open
2024-07-26,20,Theft,18.519584,73.863769,Sample City,Blunt Object,8,Closed
2024-02-05,23,Drug Offense,18.533068,73.850478,Sample City,None,18,Closed
2024-04-16,16,Assault,18.510646,73.840898,Sample City,Blunt Object,20,Open
2023-08-07,21,Vandalism,18.51298,73.850896,Sample City,None,40,Open
2024-02-02,23,Vandalism,18.543597,73.87797,Sample City,Knife,17,Under Investigation
2023-08-15,16,Fraud,18.534364,73.862307,Sample City,None,43,Closed
2024-06-19,18,Burglary,18.533056,73.861351,Sample City,None,38,Under Investigation
2024-10-31,22,Assault,18.524855,73.850828,Sample City,Blunt Object,29,Closed
2023-07-31,16,Robbery,18.520518,73.857013,Sample City,None,19,Closed
2023-04-30,23,Theft,18.500056,73.789777,Sample City,None,23,Closed
2024-10-22,21,Burglary,18.533787,73.860318,Sample City,None,5,Open
2023-09-22,23,Burglary,18.534699,73.868571,Sample City,Unknown,32,Open
2024-06-01,19,Fraud,18.486787,73.811265,Sample City,Firearm,36,Open
2024-01-27,22,Assault,18.525621,73.901172,Sample City,Blunt Object,38,Closed
2023-01-26,19,Drug Offense,18.515083,73.845927,Sample City,Blunt Object,47,Under Investigation
2023-08-10,23,Theft,18.510475,73.867208,Sample City,None,21,Under Investigation
2023-01-08,14,Theft,18.473702,73.834946,Sample City,Knife,14,Closed
2023-12-21,8,Theft,18.51453,73.848105,Sample City,Firearm,54,Closed
2024-08-04,15,Fraud,18.493659,73.843558,Sample City,Knife,39,Open
2023-01-22,8,Vandalism,18.548889,73.875199,Sample City,Unknown,31,Open
2024-11-20,23,Drug Offense,18.548954,73.858431,Sample City,None,8,Closed
2024-01-03,12,Vehicle Theft,18.491808,73.842264,Sample City,None,22,Under Investigation
2023-10-12,23,Fraud,18.54346,73.8783,Sample City,Blunt Object,27,Open
2023-05-17,20,Fraud,18.524561,73.876298,Sample City,Blunt Object,47,Open
2023-05-31,13,Robbery,18.529303,73.86153,Sample City,Knife,44,Closed
2023-11-11,12,Theft,18.511672,73.827111,Sample City,Unknown,52,Closed
2023-04-19,16,Assault,18.528611,73.859016,Sample City,Knife,26,Closed
2023-05-03,17,Assault,18.548373,73.867887,Sample City,None,36,Closed
2024-09-28,23,Theft,18.534579,73.859152,Sample City,None,54,Open
2023-11-17,21,Theft,18.503628,73.844331,Sample City,None,23,Closed
2024-03-05,15,Burglary,18.526155,73.860546,Sample City,Unknown,45,Closed
2024-04-21,15,Vehicle Theft,18.53501,73.832715,Sample City,None,27,Under Investigation
2024-09-09,22,Theft,18.534615,73.850337,Sample City,Knife,29,Closed
2024-10-19,14,Theft,18.52736,73.859218,Sample City,Blunt Object,41,Closed
2024-08-03,23,Burglary,18.503528,73.843351,Sample City,None,29,Open
2023-12-26,11,Assault,18.46423,73.900795,Sample City,None,35,Closed
2023-07-28,13,Fraud,18.520526,73.851189,Sample City,Unknown,37,Closed
2023-08-19,13,Assault,18.502516,73.844274,Sample City,None,12,Closed
2023-02-13,19,Theft,18.51235,73.856478,Sample City,Blunt Object,18,Open
2024-04-17,11,Theft,18.521265,73.859552,Sample City,Firearm,38,Closed
2023-03-28,23,Fraud,18.544574,73.818715,Sample City,None,16,Closed
2024-04-18,3,Fraud,18.530157,73.866389,Sample City,None,28,Open
2023-05-16,16,Assault,18.506864,73.889669,Sample City,None,34,Closed
2023-05-08,17,Burglary,18.509087,73.857306,Sample City,Knife,24,Open
2023-09-08,21,Vehicle Theft,18.506677,73.909332,Sample City,None,38,Under Investigation
2024-04-01,19,Robbery,18.515402,73.851451,Sample City,Unknown,30,Open
2023-06-15,22,Burglary,18.540166,73.860213,Sample City,None,20,Closed
2024-10-11,9,Theft,18.518723,73.848755,Sample City,None,23,Open
2023-07-09,17,Robbery,18.509893,73.895677,Sample City,None,39,Open
2024-05-03,20,Assault,18.50812,73.841011,Sample City,None,29,Open
2024-05-17,11,Vandalism,18.534526,73.857417,Sample City,Unknown,28,Closed
2023-08-11,11,Fraud,18.528757,73.857664,Sample City,None,12,Open
2023-08-29,13,Assault,18.510959,73.844058,Sample City,Knife,9,Closed
2023-09-11,11,Fraud,18.546656,73.868573,Sample City,Firearm,27,Open
2023-12-27,17,Vandalism,18.540094,73.881015,Sample City,None,35,Closed
2024-05-09,13,Vandalism,18.517195,73.846198,Sample City,Blunt Object,28,Open
2024-09-19,19,Theft,18.535445,73.869837,Sample City,Firearm,45,Under Investigation
2024-09-22,12,Burglary,18.504087,73.838911,Sample City,Knife,39,Open
2023-04-20,21,Vandalism,18.536393,73.852787,Sample City,None,28,Open
2023-10-26,14,Theft,18.509614,73.837705,Sample City,Unknown,31,Under Investigation
2023-08-05,23,Robbery,18.505157,73.84697,Sample City,Unknown,12,Closed
2023-09-01,20,Vandalism,18.524493,73.862015,Sample City,None,15,Closed
2024-09-07,21,Assault,18.477596,73.92513,Sample City,Blunt Object,40,Closed
2024-10-30,16,Burglary,18.506494,73.839856,Sample City,None,26,Under Investigation
2024-03-06,19,Theft,18.516496,73.841579,Sample City,Knife,31,Under Investigation
2023-08-29,23,Drug Offense,18.505429,73.842301,Sample City,Firearm,23,Closed
2023-09-03,23,Vehicle Theft,18.515196,73.907879,Sample City,Knife,17,Under Investigation
2024-11-12,11,Theft,18.512214,73.850977,Sample City,Knife,38,Under Investigation
2023-03-27,12,Theft,18.507548,73.84672,Sample City,None,22,Open
2024-11-26,23,Fraud,18.511782,73.856174,Sample City,None,28,Open
2024-05-11,19,Vandalism,18.53002,73.848707,Sample City,None,40,Closed
2023-11-12,17,Vandalism,18.535848,73.860927,Sample City,Blunt Object,7,Closed
2023-05-17,19,Vehicle Theft,18.51687,73.868018,Sample City,Unknown,31,Closed
2023-02-14,19,Fraud,18.541299,73.815004,Sample City,Unknown,45,Open
2023-03-13,21,Theft,18.538438,73.845686,Sample City,None,22,Closed
2024-08-12,23,Theft,18.542203,73.841902,Sample City,None,43,Open
2024-03-12,19,Theft,18.537932,73.854972,Sample City,Blunt Object,23,Closed
2023-01-12,19,Theft,18.523518,73.848231,Sample City,Firearm,21,Open
2023-04-14,13,Fraud,18.528078,73.859409,Sample City,Blunt Object,18,Open
2023-02-15,13,Theft,18.51453,73.848226,Sample City,None,43,Open
2023-10-03,23,Assault,18.54107,73.871279,Sample City,None,28,Closed
2024-05-19,18,Vandalism,18.518034,73.843415,Sample City,None,19,Closed
2023-11-06,17,Assault,18.530647,73.863993,Sample City,Unknown,64,Open
2023-09-04,18,Burglary,18.497658,73.860125,Sample City,Knife,42,Open
2024-07-17,17,Fraud,18.584654,73.861813,Sample City,None,43,Closed
2023-01-23,11,Vandalism,18.528293,73.85618,Sample City,None,44,Open
2023-06-10,17,Drug Offense,18.535965,73.854183,Sample City,None,43,Open
2024-07-25,18,Burglary,18.528109,73.857287,Sample City,Knife,25,Open
2024-10-27,18,Vandalism,18.529986,73.849568,Sample City,None,31,Closed
2023-03-09,8,Assault,18.547988,73.856968,Sample City,Unknown,21,Closed
2023-07-14,15,Burglary,18.546494,73.87482,Sample City,None,22,Open
2024-10-12,19,Burglary,18.528263,73.880019,Sample City,Blunt Object,37,Closed
2024-04-26,20,Assault,18.534306,73.859465,Sample City,Firearm,38,Open
2023-07-05,15,Burglary,18.546936,73.877386,Sample City,None,39,Closed
2024-02-05,22,Vehicle Theft,18.534048,73.871544,Sample City,None,32,Closed
2023-06-13,12,Theft,18.523838,73.85549,Sample City,Blunt Object,50,Under Investigation
2023-03-19,14,Drug Offense,18.502781,73.852355,Sample City,Unknown,23,Closed
2024-11-22,13,Theft,18.563262,73.870774,Sample City,Knife,35,Open
2023-01-05,4,Vandalism,18.567779,73.88667,Sample City,None,31,Under Investigation
2023-04-29,14,Robbery,18.513254,73.841833,Sample City,None,30,Closed
2024-02-07,20,Assault,18.514973,73.84196,Sample City,None,31,Closed
2023-12-27,23,Vandalism,18.526281,73.864262,Sample City,Blunt Object,45,Closed
2024-12-07,16,Vandalism,18.493005,73.888546,Sample City,Firearm,40,Closed
2023-06-11,11,Vandalism,18.552576,73.895402,Sample City,Knife,8,Open
2023-12-25,17,Theft,18.535351,73.865201,Sample City,Blunt Object,24,Open
2024-09-21,18,Assault,18.515034,73.849786,Sample City,None,39,Closed
2023-09-23,22,Theft,18.51659,73.888937,Sample City,None,20,Open
2023-05-23,15,Assault,18.506038,73.831731,Sample City,None,44,Closed
2024-03-22,20,Assault,18.527296,73.860641,Sample City,Blunt Object,25,Under Investigation
2024-11-07,12,Fraud,18.522209,73.862319,Sample City,None,29,Open
2023-03-26,8,Vehicle Theft,18.52135,73.850045,Sample City,None,27,Open
2023-10-20,18,Theft,18.523778,73.833359,Sample City,Knife,15,Closed
2023-04-11,18,Theft,18.550989,73.851872,Sample City,None,11,Closed
2023-04-14,16,Theft,18.518179,73.883364,Sample City,None,18,Closed
2023-12-25,13,Robbery,18.534155,73.8642,Sample City,None,41,Closed
2023-02-28,18,Burglary,18.534191,73.868693,Sample City,None,27,Closed
2024-04-20,20,Robbery,18.507366,73.846915,Sample City,None,41,Closed
2023-07-12,18,Drug Offense,18.510636,73.85327,Sample City,None,30,Closed
2024-06-22,16,Burglary,18.540938,73.874958,Sample City,Firearm,27,Open
2023-02-07,21,Vandalism,18.509281,73.835621,Sample City,None,55,Open
2024-04-03,21,Drug Offense,18.538385,73.906003,Sample City,None,49,Closed
2023-05-29,20,Assault,18.48402,73.901951,Sample City,None,37,Closed
2023-06-16,21,Burglary,18.547013,73.897735,Sample City,None,39,Closed
2024-01-06,23,Theft,18.539547,73.869721,Sample City,None,36,Closed
2023-07-25,23,Vandalism,18.498267,73.822802,Sample City,None,34,Under Investigation
2024-06-23,13,Fraud,18.537203,73.856564,Sample City,None,34,Closed
2023-06-26,20,Robbery,18.527563,73.858101,Sample City,Knife,19,Closed
2024-03-05,18,Fraud,18.516705,73.862367,Sample City,None,57,Open
2024-07-15,23,Burglary,18.522051,73.776356,Sample City,Unknown,36,Closed
2024-03-29,20,Theft,18.531229,73.862863,Sample City,None,50,Closed
2023-02-17,20,Theft,18.526072,73.862993,Sample City,Blunt Object,45,Closed
2024-01-07,23,Theft,18.531673,73.858282,Sample City,None,33,Open
2023-04-20,22,Assault,18.502692,73.848383,Sample City,None,52,Open
2024-03-05,10,Theft,18.539888,73.89763,Sample City,None,32,Open
2024-11-27,21,Theft,18.51674,73.846607,Sample City,None,42,Open
2023-02-28,19,Drug Offense,18.535324,73.865995,Sample City,Unknown,42,Open
2024-11-09,22,Vehicle Theft,18.530139,73.869277,Sample City,Knife,19,Open
2023-07-14,16,Vandalism,18.529727,73.859225,Sample City,None,46,Open
2024-12-20,16,Theft,18.538196,73.850423,Sample City,Blunt Object,30,Closed
2024-01-12,12,Vandalism,18.537927,73.82119,Sample City,None,34,Under Investigation
2023-07-07,17,Theft,18.535686,73.856993,Sample City,Knife,31,Open
2024-07-17,19,Drug Offense,18.513905,73.844611,Sample City,None,19,Closed
2024-04-19,22,Assault,18.530636,73.859508,Sample City,None,48,Under Investigation
2024-12-13,23,Fraud,18.528276,73.858863,Sample City,Unknown,31,Under Investigation
2024-08-07,22,Theft,18.501016,73.839692,Sample City,Blunt Object,30,Open
2024-11-17,12,Theft,18.528034,73.845153,Sample City,None,43,Closed
2024-02-14,12,Fraud,18.528114,73.861256,Sample City,Knife,38,Closed
2023-06-24,21,Theft,18.534453,73.884104,Sample City,Knife,30,Under Investigation
2024-04-21,22,Vehicle Theft,18.524058,73.860256,Sample City,None,21,Open
2024-03-04,11,Theft,18.514046,73.839615,Sample City,Knife,42,Closed
2024-12-12,21,Burglary,18.529137,73.846973,Sample City,None,37,Open
2023-10-26,16,Theft,18.567271,73.84154,Sample City,Unknown,41,Closed
2024-07-03,22,Theft,18.533854,73.850666,Sample City,None,27,Under Investigation
2023-12-20,22,Assault,18.537455,73.876216,Sample City,None,32,Open
2024-05-25,19,Robbery,18.525973,73.857416,Sample City,Knife,27,Closed
2023-12-21,16,Burglary,18.545071,73.85945,Sample City,Blunt Object,48,Open
2023-11-24,20,Assault,18.513266,73.853938,Sample City,Blunt Object,29,Open
2023-01-31,16,Theft,18.522738,73.866897,Sample City,None,23,Closed
2024-11-08,15,Assault,18.529659,73.862984,Sample City,None,12,Closed
2024-03-07,15,Theft,18.508572,73.84499,Sample City,Blunt Object,41,Under Investigation
2024-04-18,20,Theft,18.543155,73.873994,Sample City,None,35,Closed
2023-12-23,23,Theft,18.529759,73.860533,Sample City,None,15,Under Investigation
2023-12-02,15,Theft,18.54018,73.877814,Sample City,None,49,Open
2024-05-30,23,Theft,18.519875,73.867251,Sample City,Knife,32,Closed
2023-05-06,19,Fraud,18.476663,73.827825,Sample City,None,11,Open
2024-10-22,19,Theft,18.523548,73.855116,Sample City,None,42,Under Investigation
2023-12-15,21,Theft,18.533103,73.862659,Sample City,None,15,Closed
2024-05-29,22,Robbery,18.529299,73.847331,Sample City,Knife,45,Open
2023-10-24,12,Vandalism,18.508973,73.84282,Sample City,None,68,Under Investigation
2023-07-04,14,Burglary,18.527691,73.865087,Sample City,None,33,Closed
2024-02-26,22,Theft,18.500761,73.91572,Sample City,None,41,Open
2024-02-03,23,Vandalism,18.532713,73.85713,Sample City,None,12,Closed
2023-11-05,23,Assault,18.504592,73.833319,Sample City,None,55,Closed
2024-01-29,11,Theft,18.509203,73.842136,Sample City,Unknown,23,Open
2023-04-05,22,Theft,18.53371,73.86529,Sample City,Unknown,22,Closed
2023-08-28,15,Assault,18.533008,73.869023,Sample City,None,38,Closed
2024-08-16,23,Burglary,18.54013,73.863948,Sample City,None,25,Closed
2023-01-05,17,Burglary,18.510567,73.849196,Sample City,None,40,Open
2023-09-06,23,Vandalism,18.536733,73.862645,Sample City,None,36,Closed
2023-04-02,23,Vehicle Theft,18.537958,73.853958,Sample City,None,42,Open
2023-02-14,16,Vandalism,18.546781,73.827958,Sample City,None,36,Under Investigation
2023-04-06,6,Assault,18.53531,73.874258,Sample City,Firearm,28,Open
2023-07-26,13,Theft,18.541382,73.877289,Sample City,Knife,35,Under Investigation
2024-03-22,17,Burglary,18.521356,73.862013,Sample City,Blunt Object,28,Closed
2023-10-03,18,Theft,18.536849,73.846742,Sample City,None,46,Closed
2023-06-20,23,Theft,18.534689,73.867616,Sample City,Unknown,36,Open
2024-02-27,15,Robbery,18.529245,73.842454,Sample City,None,29,Closed
2024-06-18,22,Vandalism,18.503113,73.8373,Sample City,None,23,Closed
2023-12-08,22,Theft,18.53433,73.864267,Sample City,None,33,Closed
2024-07-02,17,Burglary,18.539006,73.885627,Sample City,Knife,31,Under Investigation
2024-06-30,11,Burglary,18.521817,73.863368,Sample City,None,32,Under Investigation
2024-09-16,15,Robbery,18.531934,73.860456,Sample City,Blunt Object,24,Closed
2023-03-16,15,Burglary,18.531363,73.853077,Sample City,None,23,Closed
2024-09-02,15,Theft,18.522258,73.849954,Sample City,Knife,27,Closed
2024-07-03,22,Theft,18.534572,73.880718,Sample City,Knife,18,Open
2023-05-01,21,Theft,18.528813,73.860611,Sample City,None,36,Closed
2023-04-17,17,Vandalism,18.485385,73.90141,Sample City,None,19,Under Investigation
2023-05-17,16,Theft,18.548126,73.846666,Sample City,Unknown,31,Closed
2024-07-10,23,Vehicle Theft,18.525318,73.867357,Sample City,None,29,Closed
2023-06-25,21,Drug Offense,18.460154,73.876376,Sample City,Unknown,15,Open
2024-09-14,8,Burglary,18.548249,73.875978,Sample City,Knife,22,Closed
2024-12-05,23,Theft,18.512065,73.872168,Sample City,None,35,Open
2024-12-04,13,Burglary,18.528624,73.866224,Sample City,Unknown,34,Closed
2024-01-12,13,Drug Offense,18.54456,73.868588,Sample City,Unknown,20,Closed
2023-08-13,18,Vandalism,18.530474,73.852681,Sample City,Blunt Object,25,Closed
2024-06-16,16,Burglary,18.518506,73.788261,Sample City,Unknown,51,Closed
2024-12-01,12,Robbery,18.510363,73.83889,Sample City,None,20,Closed
2023-10-07,15,Burglary,18.501342,73.855863,Sample City,None,17,Closed
2023-01-01,12,Theft,18.506166,73.848543,Sample City,None,37,Under Investigation
2023-10-16,14,Burglary,18.537742,73.86386,Sample City,Unknown,45,Closed
2023-05-05,16,Drug Offense,18.526213,73.864924,Sample City,Knife,50,Closed
2023-07-15,18,Theft,18.516309,73.85338,Sample City,Unknown,36,Closed
2024-10-31,16,Drug Offense,18.534274,73.878244,Sample City,None,42,Closed
2023-05-14,19,Robbery,18.508795,73.885354,Sample City,None,14,Closed
2024-11-28,23,Theft,18.483023,73.85041,Sample City,None,24,Closed
2023-12-18,14,Robbery,18.530535,73.850752,Sample City,Blunt Object,37,Open
2024-12-18,14,Robbery,18.526796,73.852425,Sample City,None,44,Closed
2023-11-27,23,Fraud,18.570317,73.868867,Sample City,Knife,34,Under Investigation
2023-07-25,23,Burglary,18.536733,73.869817,Sample City,Blunt Object,9,Open
2024-02-13,17,Theft,18.54758,73.870503,Sample City,None,40,Open
2023-10-09,19,Robbery,18.530813,73.859234,Sample City,Blunt Object,15,Under Investigation
2024-06-05,20,Theft,18.53612,73.859702,Sample City,Unknown,41,Under Investigation
2023-10-06,19,Assault,18.539594,73.861458,Sample City,None,18,Closed
2024-04-26,9,Assault,18.575742,73.873984,Sample City,None,38,Under Investigation
2024-10-09,22,Vandalism,18.545034,73.861441,Sample City,None,50,Closed
2023-05-15,21,Robbery,18.536333,73.878753,Sample City,Firearm,52,Under Investigation
2023-07-29,17,Vehicle Theft,18.510677,73.845597,Sample City,None,27,Closed
2024-02-25,17,Fraud,18.535531,73.870387,Sample City,None,22,Under Investigation
2023-08-29,23,Theft,18.534057,73.859797,Sample City,None,53,Under Investigation
2023-06-11,20,Vandalism,18.501783,73.841999,Sample City,Knife,22,Under Investigation
2023-04-14,23,Vehicle Theft,18.522817,73.855833,Sample City,None,31,Closed
2024-12-23,6,Theft,18.493982,73.849179,Sample City,Unknown,27,Open
2024-04-08,12,Theft,18.521587,73.855665,Sample City,Knife,11,Open
2024-02-26,15,Robbery,18.504638,73.842026,Sample City,Firearm,21,Closed
2023-04-22,14,Vandalism,18.526361,73.86341,Sample City,None,52,Open
2023-03-19,20,Drug Offense,18.574701,73.809927,Sample City,Knife,31,Under Investigation
2023-05-21,23,Theft,18.532913,73.853787,Sample City,None,28,Open
2024-01-05,23,Vandalism,18.518453,73.860186,Sample City,None,31,Open
2023-01-14,14,Drug Offense,18.505012,73.844522,Sample City,None,26,Closed
2023-05-13,16,Assault,18.517537,73.897214,Sample City,None,12,Open
2024-12-16,12,Theft,18.518647,73.842961,Sample City,Unknown,48,Open
2024-02-09,21,Theft,18.546011,73.87363,Sample City,None,50,Open
2024-09-16,21,Burglary,18.522512,73.858163,Sample City,None,50,Closed
2024-06-26,11,Burglary,18.51139,73.84221,Sample City,None,35,Closed
2023-06-28,22,Fraud,18.525146,73.854715,Sample City,None,21,Open
2024-06-04,23,Vehicle Theft,18.476431,73.883078,Sample City,None,10,Under Investigation
2023-02-14,23,Burglary,18.538881,73.858745,Sample City,None,39,Open
2023-06-16,10,Vandalism,18.549323,73.862903,Sample City,Unknown,20,Closed
2024-05-10,22,Theft,18.507004,73.839028,Sample City,None,31,Open
2023-10-13,17,Drug Offense,18.543582,73.874083,Sample City,None,29,Under Investigation
2023-02-22,17,Burglary,18.524169,73.861866,Sample City,None,46,Open
2024-07-25,21,Fraud,18.530038,73.869549,Sample City,None,25,Open
2024-03-02,14,Burglary,18.535478,73.878867,Sample City,None,42,Open
2023-04-10,14,Theft,18.517044,73.882187,Sample City,None,42,Closed
2023-12-07,23,Vehicle Theft,18.511145,73.847067,Sample City,None,21,Closed
2023-07-08,22,Burglary,18.533324,73.859307,Sample City,Blunt Object,31,Open
2023-08-14,11,Vehicle Theft,18.513843,73.818463,Sample City,None,26,Closed
2023-11-06,16,Vandalism,18.542332,73.875207,Sample City,Knife,18,Closed
2023-08-19,21,Vehicle Theft,18.511635,73.841938,Sample City,Blunt Object,56,Closed
2024-07-30,14,Assault,18.531292,73.865788,Sample City,None,30,Closed
2024-09-30,19,Assault,18.527036,73.834198,Sample City,Blunt Object,55,Closed
2024-12-23,16,Burglary,18.538507,73.872904,Sample City,Blunt Object,32,Closed
2023-08-21,23,Theft,18.52564,73.810621,Sample City,None,28,Closed
2023-10-23,20,Theft,18.471131,73.871631,Sample City,Unknown,17,Closed
2024-04-13,15,Vandalism,18.527954,73.868072,Sample City,None,26,Open
2024-06-20,16,Vandalism,18.504306,73.850943,Sample City,Knife,19,Open
2023-11-22,15,Burglary,18.528207,73.857367,Sample City,None,41,Closed
2024-06-27,14,Assault,18.537808,73.856021,Sample City,None,29,Under Investigation
2024-05-21,23,Theft,18.478487,73.895289,Sample City,None,14,Open
2024-12-25,18,Burglary,18.513569,73.848321,Sample City,Blunt Object,21,Open
2023-01-24,23,Theft,18.535745,73.858401,Sample City,None,20,Under Investigation
2023-08-16,17,Assault,18.537838,73.869511,Sample City,None,38,Closed
2023-05-10,17,Assault,18.517924,73.85278,Sample City,Knife,42,Closed
2024-05-16,19,Robbery,18.504469,73.879438,Sample City,None,18,Open
2024-06-30,15,Burglary,18.530493,73.865987,Sample City,Blunt Object,18,Closed
2023-05-21,23,Theft,18.529204,73.871476,Sample City,Knife,59,Closed
2024-10-27,11,Assault,18.513785,73.840573,Sample City,None,27,Open
2024-04-30,20,Vehicle Theft,18.534097,73.854665,Sample City,None,25,Closed
2023-04-30,22,Vandalism,18.486329,73.877594,Sample City,Unknown,34,Open
2023-02-01,11,Theft,18.460461,73.8625,Sample City,None,24,Closed
2023-03-04,14,Fraud,18.528698,73.85257,Sample City,None,29,Open
2024-06-09,11,Fraud,18.538709,73.877107,Sample City,Unknown,31,Open
2024-10-13,12,Fraud,18.534932,73.860748,Sample City,None,41,Under Investigation
2024-04-08,23,Robbery,18.508916,73.840173,Sample City,None,40,Under Investigation
2024-12-11,12,Robbery,18.530496,73.846189,Sample City,None,42,Closed
2024-06-13,13,Assault,18.532313,73.878169,Sample City,None,20,Under Investigation
2024-02-19,21,Burglary,18.515203,73.839891,Sample City,Knife,31,Open
2024-10-19,23,Assault,18.541357,73.884564,Sample City,Knife,25,Open
2023-10-18,19,Robbery,18.539402,73.873484,Sample City,Firearm,21,Under Investigation
2024-04-19,16,Fraud,18.530576,73.859146,Sample City,Knife,23,Closed
2024-06-21,23,Burglary,18.512408,73.846692,Sample City,None,41,Under Investigation
2023-10-17,18,Vehicle Theft,18.507272,73.845505,Sample City,None,35,Closed
2023-06-18,23,Assault,18.53084,73.863163,Sample City,Blunt Object,22,Open
2024-12-30,18,Theft,18.528126,73.856284,Sample City,Knife,30,Closed
2023-10-04,16,Theft,18.529668,73.925334,Sample City,None,45,Closed
2023-11-23,22,Assault,18.511398,73.850627,Sample City,Knife,41,Closed
2023-09-17,22,Vandalism,18.536697,73.85963,Sample City,Blunt Object,45,Open
2023-05-29,13,Theft,18.5302,73.8643,Sample City,Firearm,18,Open
2024-08-25,23,Burglary,18.511211,73.846856,Sample City,Unknown,34,Open
2024-06-13,19,Theft,18.551892,73.911912,Sample City,None,33,Open
2024-07-07,23,Theft,18.528823,73.870738,Sample City,Firearm,23,Closed
2024-06-29,12,Theft,18.533717,73.85668,Sample City,None,38,Open
2023-11-21,23,Vandalism,18.517843,73.864807,Sample City,None,44,Closed
2024-10-29,21,Theft,18.503179,73.884144,Sample City,None,27,Under Investigation
2024-04-08,22,Burglary,18.52827,73.856056,Sample City,None,36,Closed
2024-12-04,20,Vandalism,18.534943,73.864728,Sample City,None,9,Open
2024-02-10,16,Robbery,18.593194,73.893237,Sample City,None,37,Under Investigation
2024-09-30,9,Assault,18.541675,73.874474,Sample City,Firearm,44,Closed
2024-08-09,19,Assault,18.507583,73.836125,Sample City,Unknown,31,Open
2024-09-22,23,Robbery,18.519558,73.845044,Sample City,Blunt Object,18,Closed
2024-07-13,13,Vandalism,18.505339,73.838418,Sample City,None,22,Open
2023-09-21,17,Robbery,18.52534,73.85818,Sample City,None,47,Open
2024-10-02,23,Vandalism,18.484856,73.816652,Sample City,None,41,Under Investigation
2023-10-26,14,Burglary,18.541508,73.838384,Sample City,None,38,Closed
2023-05-01,17,Fraud,18.534799,73.862138,Sample City,None,42,Under Investigation
2023-05-02,21,Theft,18.527092,73.867365,Sample City,Unknown,29,Closed
2024-11-01,20,Drug Offense,18.536784,73.870406,Sample City,Knife,50,Closed
2023-12-25,23,Assault,18.49264,73.930317,Sample City,None,30,Open
2024-01-21,12,Vehicle Theft,18.509178,73.843992,Sample City,None,16,Closed
2023-11-16,19,Drug Offense,18.50916,73.847631,Sample City,Knife,32,Under Investigation
2024-04-06,15,Vandalism,18.535155,73.861745,Sample City,None,35,Closed
2023-04-18,10,Vandalism,18.519424,73.832797,Sample City,Firearm,15,Under Investigation
2023-05-22,16,Theft,18.529904,73.869046,Sample City,Firearm,36,Closed
2024-06-11,21,Robbery,18.5421,73.844466,Sample City,None,41,Closed
2024-02-13,14,Theft,18.532144,73.87002,Sample City,Firearm,28,Open
2024-11-07,23,Vehicle Theft,18.543681,73.868146,Sample City,Blunt Object,37,Closed
2024-09-09,16,Assault,18.53112,73.861084,Sample City,None,61,Closed
2023-03-16,22,Burglary,18.529566,73.864211,Sample City,Knife,35,Under Investigation
2023-07-25,18,Assault,18.536295,73.864701,Sample City,None,31,Closed
2023-10-14,20,Vandalism,18.511297,73.8444,Sample City,None,14,Open
2024-11-10,20,Assault,18.442509,73.862676,Sample City,None,22,Open
2024-08-03,14,Burglary,18.533118,73.86063,Sample City,None,27,Under Investigation
2024-10-26,19,Assault,18.487415,73.848303,Sample City,None,49,Under Investigation
2023-01-03,11,Vandalism,18.530672,73.87501,Sample City,None,36,Open
2024-03-06,13,Theft,18.498567,73.832083,Sample City,None,32,Closed
2024-02-19,19,Vandalism,18.526321,73.866301,Sample City,Blunt Object,29,Under Investigation
2023-09-08,8,Drug Offense,18.507394,73.885729,Sample City,None,41,Open
2023-08-04,23,Fraud,18.537185,73.857177,Sample City,None,45,Closed
2024-06-28,17,Theft,18.514744,73.852076,Sample City,Blunt Object,56,Open
2024-12-06,16,Robbery,18.535579,73.885872,Sample City,None,33,Closed
2023-08-09,10,Theft,18.489435,73.847379,Sample City,Firearm,35,Open
2024-12-03,16,Assault,18.536734,73.862972,Sample City,None,50,Closed
2023-08-02,16,Robbery,18.50548,73.838262,Sample City,None,37,Closed
2023-09-08,16,Theft,18.528108,73.855222,Sample City,Knife,39,Closed
2024-01-19,21,Vandalism,18.506062,73.852132,Sample City,Firearm,51,Closed
2023-10-29,13,Assault,18.527587,73.858849,Sample City,Knife,37,Closed
2024-09-20,21,Burglary,18.569091,73.880545,Sample City,None,41,Under Investigation
2023-08-18,23,Drug Offense,18.515273,73.861523,Sample City,None,28,Closed
2024-10-13,20,Vandalism,18.539522,73.859522,Sample City,None,7,Under Investigation
2023-06-18,23,Theft,18.522617,73.799895,Sample City,Blunt Object,33,Closed
2023-09-02,19,Assault,18.508536,73.866135,Sample City,Unknown,44,Open
2024-02-16,22,Vandalism,18.501173,73.849064,Sample City,None,51,Closed
2023-05-12,11,Vandalism,18.539618,73.873477,Sample City,Blunt Object,36,Open
2023-06-11,11,Vandalism,18.534436,73.863201,Sample City,None,27,Closed
2024-01-17,16,Theft,18.530869,73.859519,Sample City,None,22,Closed
2023-08-19,21,Vandalism,18.542837,73.871828,Sample City,Unknown,46,Closed
2024-06-30,23,Theft,18.53728,73.867696,Sample City,Unknown,40,Closed
2023-01-14,16,Robbery,18.540744,73.876355,Sample City,Firearm,14,Open
2024-11-03,16,Fraud,18.532315,73.887212,Sample City,Unknown,39,Open
2024-07-18,22,Burglary,18.521027,73.843273,Sample City,Knife,42,Closed
2024-01-17,18,Theft,18.507211,73.850162,Sample City,None,15,Closed
2023-12-11,18,Burglary,18.525523,73.863234,Sample City,Blunt Object,19,Under Investigation
2023-11-08,14,Drug Offense,18.536079,73.860948,Sample City,None,44,Closed
2023-10-29,13,Theft,18.507509,73.844496,Sample City,None,34,Open
2024-09-11,21,Assault,18.528426,73.858223,Sample City,Unknown,20,Open
2023-07-12,10,Assault,18.51422,73.856593,Sample City,Unknown,21,Closed
2023-04-08,12,Assault,18.509035,73.856296,Sample City,Knife,22,Closed
2023-09-19,16,Vehicle Theft,18.510094,73.834979,Sample City,None,23,Closed
2024-12-08,22,Vehicle Theft,18.504655,73.843836,Sample City,None,42,Closed
2023-12-04,23,Theft,18.508654,73.844794,Sample City,None,37,Closed
2023-02-20,10,Drug Offense,18.538829,73.861251,Sample City,None,21,Open
2023-01-25,16,Theft,18.531675,73.795792,Sample City,None,34,Open
2024-02-26,18,Fraud,18.506979,73.84968,Sample City,None,50,Closed
2023-03-02,22,Theft,18.486075,73.813528,Sample City,Firearm,56,Closed
2024-10-01,23,Robbery,18.458917,73.915997,Sample City,None,18,Open
2023-10-30,17,Theft,18.537913,73.859539,Sample City,None,10,Open
2023-06-21,16,Theft,18.534035,73.856073,Sample City,Knife,33,Closed
2023-11-18,16,Assault,18.530741,73.864415,Sample City,Unknown,27,Open
2023-02-02,16,Vandalism,18.507873,73.81658,Sample City,None,63,Closed
2023-03-25,23,Theft,18.521527,73.843655,Sample City,Unknown,28,Under Investigation
2023-05-08,23,Burglary,18.531999,73.86152,Sample City,Knife,30,Open
2023-09-01,11,Fraud,18.507869,73.847789,Sample City,None,38,Closed
2023-02-02,18,Fraud,18.544672,73.854683,Sample City,Knife,21,Open
2024-03-25,22,Burglary,18.513083,73.87415,Sample City,Unknown,31,Open
2024-09-19,23,Burglary,18.514236,73.850174,Sample City,None,48,Closed
2023-07-11,14,Theft,18.529214,73.854332,Sample City,Blunt Object,29,Closed
2023-12-13,23,Assault,18.519157,73.849691,Sample City,None,17,Closed
2024-08-30,18,Assault,18.463629,73.849833,Sample City,Knife,43,Open
2023-01-22,12,Burglary,18.502924,73.84277,Sample City,None,41,Open
2023-06-06,21,Fraud,18.521764,73.864121,Sample City,None,42,Open
2023-06-19,23,Drug Offense,18.546268,73.860666,Sample City,Unknown,32,Closed
2024-06-09,17,Vehicle Theft,18.506846,73.844427,Sample City,None,12,Open
2024-01-07,19,Theft,18.535982,73.85295,Sample City,None,13,Closed
2024-06-05,23,Vandalism,18.509866,73.841044,Sample City,Unknown,29,Open
2024-10-20,23,Burglary,18.563911,73.875657,Sample City,Knife,33,Closed
2023-09-11,16,Theft,18.514494,73.852762,Sample City,Knife,24,Closed
2023-11-26,14,Drug Offense,18.522497,73.854073,Sample City,None,17,Closed
2023-01-07,19,Burglary,18.532203,73.867365,Sample City,None,31,Open
2023-08-04,19,Fraud,18.511365,73.852486,Sample City,None,39,Closed
2024-04-25,21,Theft,18.557768,73.830018,Sample City,Firearm,25,Under Investigation
2024-05-07,20,Theft,18.525262,73.898994,Sample City,Unknown,21,Closed
2024-02-27,23,Theft,18.531631,73.857748,Sample City,None,37,Open
2023-03-19,23,Drug Offense,18.531883,73.854042,Sample City,Knife,50,Under Investigation
2023-08-14,21,Drug Offense,18.518957,73.835815,Sample City,None,22,Under Investigation
2023-10-11,22,Vehicle Theft,18.498582,73.84044,Sample City,None,46,Closed
2023-09-20,20,Vandalism,18.553862,73.872762,Sample City,Knife,45,Closed
2024-03-20,23,Vandalism,18.544651,73.872197,Sample City,Firearm,11,Closed
2023-06-10,19,Assault,18.546354,73.873428,Sample City,Unknown,26,Open
2024-01-05,15,Theft,18.532356,73.851578,Sample City,None,29,Closed
2023-10-30,20,Assault,18.520224,73.887489,Sample City,Knife,40,Under Investigation
2023-08-11,22,Burglary,18.52327,73.848916,Sample City,None,35,Under Investigation
2024-07-10,22,Theft,18.513164,73.838145,Sample City,None,42,Under Investigation
2023-09-14,10,Fraud,18.532621,73.866227,Sample City,None,36,Closed
2024-09-09,13,Burglary,18.529431,73.866877,Sample City,None,26,Closed
2024-01-11,16,Drug Offense,18.549321,73.861516,Sample City,None,27,Open
2024-01-12,23,Fraud,18.527658,73.860159,Sample City,Knife,25,Closed
2024-10-30,13,Vehicle Theft,18.532567,73.86681,Sample City,Blunt Object,44,Open
2023-06-28,12,Burglary,18.530556,73.863461,Sample City,None,54,Open
2023-02-23,18,Theft,18.535509,73.848263,Sample City,None,35,Open
2023-11-15,18,Fraud,18.524642,73.865603,Sample City,None,36,Open
2023-02-18,17,Vandalism,18.539827,73.869171,Sample City,Blunt Object,52,Open
2023-01-10,22,Assault,18.529606,73.863092,Sample City,Blunt Object,35,Open
2024-08-22,10,Vandalism,18.528115,73.867015,Sample City,None,37,Open
2023-11-11,10,Theft,18.504105,73.84763,Sample City,None,19,Open
2024-03-10,14,Vandalism,18.492293,73.844935,Sample City,Firearm,54,Closed
2023-03-08,22,Theft,18.505303,73.839589,Sample City,None,30,Closed
2023-11-12,9,Vandalism,18.517744,73.843063,Sample City,Knife,40,Closed
2024-01-19,19,Fraud,18.511211,73.853429,Sample City,None,37,Open
2023-08-20,23,Theft,18.537572,73.877747,Sample City,None,39,Closed
2024-05-01,23,Drug Offense,18.544343,73.843933,Sample City,Blunt Object,19,Closed
2024-05-09,19,Burglary,18.513781,73.849495,Sample City,Unknown,27,Closed
2024-04-23,13,Drug Offense,18.538416,73.872122,Sample City,Knife,16,Open
2024-09-17,15,Assault,18.522419,73.861302,Sample City,Knife,33,Open
2024-08-21,16,Theft,18.532025,73.867713,Sample City,Unknown,29,Under Investigation
2023-05-16,15,Fraud,18.512425,73.839965,Sample City,Firearm,28,Closed
2023-02-14,16,Burglary,18.487801,73.855756,Sample City,None,28,Closed
2023-09-07,23,Robbery,18.523142,73.868054,Sample City,None,37,Open
2023-04-06,20,Burglary,18.529241,73.858334,Sample City,Knife,20,Closed
2024-11-30,15,Theft,18.507014,73.836918,Sample City,None,21,Open
2024-07-03,17,Vehicle Theft,18.529381,73.859823,Sample City,Knife,47,Closed
2023-08-11,14,Theft,18.546634,73.880009,Sample City,None,31,Closed
2023-02-13,18,Vandalism,18.529964,73.876769,Sample City,None,44,Closed
2023-09-01,17,Theft,18.530432,73.869241,Sample City,Unknown,48,Open
2023-12-13,18,Vandalism,18.508214,73.868121,Sample City,None,27,Open
2024-05-22,16,Robbery,18.536792,73.864609,Sample City,None,38,Under Investigation
2023-12-25,23,Assault,18.544579,73.88064,Sample City,Unknown,5,Closed
2024-05-13,23,Fraud,18.49811,73.853226,Sample City,None,28,Closed
2023-06-22,19,Vehicle Theft,18.500663,73.845482,Sample City,Unknown,50,Closed
2024-02-27,15,Assault,18.529404,73.85956,Sample City,Knife,41,Under Investigation
2023-10-07,23,Theft,18.537461,73.868348,Sample City,None,30,Closed
2023-04-29,18,Burglary,18.505506,73.838868,Sample City,Blunt Object,40,Closed
2024-04-16,17,Vandalism,18.538458,73.865036,Sample City,Blunt Object,23,Open
2024-02-05,19,Burglary,18.502845,73.845997,Sample City,Blunt Object,34,Open
2023-08-02,16,Burglary,18.534976,73.860054,Sample City,Unknown,16,Closed
2024-09-06,23,Burglary,18.51266,73.842096,Sample City,Knife,47,Closed
2024-05-11,23,Vandalism,18.532638,73.857635,Sample City,Unknown,29,Open
2023-11-02,18,Burglary,18.506205,73.838579,Sample City,None,49,Open
2023-04-19,23,Vehicle Theft,18.540656,73.801995,Sample City,None,30,Open
2024-07-14,13,Fraud,18.529645,73.873363,Sample City,Blunt Object,42,Closed
2024-10-23,21,Assault,18.534163,73.897522,Sample City,Blunt Object,61,Open
2024-01-05,22,Vandalism,18.542002,73.864326,Sample City,Blunt Object,26,Open
2023-01-02,23,Burglary,18.517159,73.842327,Sample City,Knife,48,Open
2023-12-12,23,Burglary,18.518139,73.856592,Sample City,None,36,Closed
2023-08-03,16,Assault,18.538829,73.847957,Sample City,None,27,Closed
2024-09-12,22,Vandalism,18.534703,73.851677,Sample City,None,57,Open
2023-03-25,20,Drug Offense,18.531357,73.849858,Sample City,None,36,Closed
2023-01-30,19,Vehicle Theft,18.531856,73.862373,Sample City,Blunt Object,27,Open
2023-04-18,17,Theft,18.524917,73.867492,Sample City,Blunt Object,51,Closed
2024-09-25,23,Robbery,18.523213,73.845478,Sample City,None,45,Open
2024-07-08,7,Assault,18.498768,73.836083,Sample City,None,29,Open
2024-08-04,13,Theft,18.526831,73.871761,Sample City,None,38,Under Investigation
2024-12-02,18,Theft,18.524747,73.832334,Sample City,None,52,Closed
2024-11-12,18,Theft,18.489078,73.859071,Sample City,None,33,Open
2024-09-28,23,Burglary,18.52316,73.867169,Sample City,None,35,Open
2023-04-18,11,Fraud,18.510775,73.848463,Sample City,Unknown,19,Closed
2024-12-29,23,Theft,18.531906,73.861215,Sample City,None,32,Closed
2023-06-14,23,Burglary,18.514481,73.869879,Sample City,Unknown,42,Open
2024-08-12,18,Assault,18.499939,73.896369,Sample City,None,41,Open
2024-11-10,23,Assault,18.542782,73.853872,Sample City,Blunt Object,43,Under Investigation
2024-04-14,14,Burglary,18.523528,73.842874,Sample City,None,23,Under Investigation
2024-07-06,18,Vehicle Theft,18.525796,73.861263,Sample City,Knife,50,Closed
2023-01-19,8,Burglary,18.497388,73.912851,Sample City,Firearm,27,Open
2023-03-31,14,Burglary,18.523602,73.886658,Sample City,None,36,Closed
2023-05-11,23,Theft,18.535052,73.874323,Sample City,None,51,Closed
2023-04-25,23,Assault,18.537032,73.870913,Sample City,Knife,20,Under Investigation
2024-05-05,15,Assault,18.458991,73.836958,Sample City,Blunt Object,39,Closed
2023-05-02,22,Vandalism,18.530876,73.868783,Sample City,Firearm,30,Closed
2023-05-28,16,Assault,18.5041,73.842971,Sample City,None,37,Open
2024-06-06,22,Burglary,18.51403,73.854482,Sample City,Knife,24,Open
2024-03-11,23,Robbery,18.508754,73.844156,Sample City,None,43,Closed
2023-07-14,8,Robbery,18.588843,73.87647,Sample City,None,44,Closed
2023-02-08,21,Theft,18.526879,73.864139,Sample City,None,31,Closed
2024-06-09,23,Vehicle Theft,18.527298,73.862965,Sample City,None,32,Closed
2024-12-05,20,Theft,18.487932,73.835156,Sample City,None,45,Open
2024-09-02,23,Assault,18.514739,73.869683,Sample City,None,23,Open
2023-11-18,16,Burglary,18.528014,73.850902,Sample City,None,30,Closed
2023-07-13,23,Theft,18.522607,73.864075,Sample City,Knife,24,Open
2024-06-10,15,Theft,18.532404,73.873041,Sample City,None,36,Closed
2023-10-11,22,Robbery,18.539569,73.8645,Sample City,None,18,Closed
2024-02-01,7,Vandalism,18.506365,73.84035,Sample City,Knife,27,Closed
2023-06-21,18,Assault,18.506915,73.844745,Sample City,Unknown,26,Under Investigation
2023-07-14,8,Theft,18.562291,73.856852,Sample City,None,46,Closed
2023-07-29,16,Robbery,18.52019,73.84376,Sample City,None,30,Under Investigation
2024-05-26,3,Fraud,18.480816,73.884179,Sample City,Blunt Object,59,Closed
2024-01-17,20,Theft,18.536948,73.854982,Sample City,None,40,Closed
2023-01-10,10,Assault,18.532418,73.854388,Sample City,None,22,Closed
2024-12-02,19,Burglary,18.508073,73.846086,Sample City,None,34,Closed
2023-05-21,23,Theft,18.554842,73.900779,Sample City,Knife,21,Closed
2023-09-28,23,Drug Offense,18.528176,73.861625,Sample City,None,38,Closed
2023-11-13,17,Assault,18.57963,73.904202,Sample City,None,5,Under Investigation
2024-10-27,21,Drug Offense,18.536543,73.849471,Sample City,Unknown,37,Open
2023-10-21,11,Assault,18.539258,73.852819,Sample City,None,49,Closed
2023-06-26,23,Burglary,18.539673,73.882645,Sample City,None,42,Closed
2023-06-07,23,Robbery,18.531378,73.880341,Sample City,Knife,44,Closed
2023-09-12,17,Robbery,18.537585,73.874896,Sample City,None,21,Under Investigation
2023-07-01,14,Theft,18.527899,73.848446,Sample City,Blunt Object,28,Open
2023-11-15,14,Theft,18.528734,73.860227,Sample City,Unknown,18,Closed
2024-07-10,8,Fraud,18.512767,73.852629,Sample City,Blunt Object,21,Open
2023-05-11,16,Theft,18.523158,73.846819,Sample City,None,27,Closed
2023-11-03,15,Robbery,18.530753,73.857188,Sample City,None,39,Closed
2024-07-21,15,Theft,18.532378,73.86083,Sample City,None,31,Under Investigation
2024-11-22,17,Drug Offense,18.544825,73.884388,Sample City,Knife,13,Open
2024-03-17,14,Drug Offense,18.510135,73.844503,Sample City,Knife,62,Closed
2024-07-03,16,Drug Offense,18.529551,73.872554,Sample City,Unknown,18,Under Investigation
2024-06-05,19,Theft,18.537271,73.864377,Sample City,None,41,Under Investigation
2023-08-31,23,Vandalism,18.538682,73.86924,Sample City,None,35,Open
2023-11-25,20,Vehicle Theft,18.533853,73.866367,Sample City,Knife,23,Open
2023-10-07,13,Robbery,18.526387,73.878022,Sample City,None,40,Open
2024-11-11,22,Vandalism,18.475981,73.832806,Sample City,Unknown,22,Closed
2024-11-20,15,Theft,18.518973,73.796968,Sample City,None,25,Under Investigation
2024-02-11,21,Theft,18.575088,73.862053,Sample City,None,36,Closed
2024-09-09,23,Assault,18.540307,73.865846,Sample City,None,34,Closed
2024-11-17,19,Burglary,18.521855,73.871063,Sample City,Firearm,39,Closed
2024-08-31,12,Vandalism,18.504731,73.849913,Sample City,None,39,Open
2024-11-08,16,Theft,18.517026,73.86266,Sample City,None,28,Closed
2024-06-19,23,Burglary,18.499969,73.817543,Sample City,None,18,Closed
2024-05-11,23,Robbery,18.526324,73.847347,Sample City,None,20,Under Investigation
2023-12-25,18,Theft,18.4986,73.860866,Sample City,Firearm,15,Open
2024-10-31,21,Vehicle Theft,18.53749,73.824295,Sample City,None,30,Closed
2024-07-31,19,Theft,18.525171,73.872583,Sample City,None,31,Closed
2023-07-16,19,Burglary,18.518902,73.900163,Sample City,None,28,Closed
2024-03-03,22,Fraud,18.488821,73.883496,Sample City,None,44,Under Investigation
2023-07-29,18,Vehicle Theft,18.535348,73.87326,Sample City,None,15,Closed
2024-12-24,19,Fraud,18.477422,73.897268,Sample City,None,15,Closed
2023-03-27,23,Drug Offense,18.528779,73.861672,Sample City,Unknown,11,Closed
2024-01-29,16,Theft,18.530971,73.855692,Sample City,None,42,Under Investigation
2023-09-11,22,Vandalism,18.453798,73.842757,Sample City,Knife,60,Open
2023-05-14,18,Fraud,18.536256,73.886845,Sample City,None,23,Closed
2023-04-21,14,Assault,18.530506,73.830502,Sample City,Knife,36,Open
2023-05-17,17,Assault,18.536827,73.859282,Sample City,Knife,6,Open
2024-04-02,9,Theft,18.49429,73.857025,Sample City,None,41,Closed
2024-04-17,23,Vehicle Theft,18.514462,73.847661,Sample City,None,50,Open
2023-12-19,15,Drug Offense,18.528393,73.857177,Sample City,Blunt Object,49,Under Investigation
2023-12-22,18,Vandalism,18.529256,73.85838,Sample City,None,44,Closed
2024-10-13,23,Vandalism,18.539373,73.873779,Sample City,None,26,Open
2024-05-12,22,Burglary,18.497751,73.81346,Sample City,Blunt Object,21,Open
2024-08-02,14,Theft,18.534727,73.864609,Sample City,Firearm,56,Open
2023-11-06,17,Theft,18.531185,73.844332,Sample City,None,17,Open
2023-03-20,23,Assault,18.533603,73.832985,Sample City,None,22,Open
2024-02-19,23,Burglary,18.536268,73.8645,Sample City,None,47,Under Investigation
2023-11-23,23,Vandalism,18.486865,73.873459,Sample City,None,31,Closed
2023-03-25,20,Assault,18.513714,73.838152,Sample City,Blunt Object,41,Closed
2023-07-01,8,Theft,18.531879,73.855478,Sample City,Unknown,23,Under Investigation
2023-04-21,18,Drug Offense,18.549299,73.874605,Sample City,Knife,43,Open
2024-06-28,15,Assault,18.54219,73.863627,Sample City,Knife,18,Under Investigation
2024-01-10,19,Fraud,18.528108,73.861153,Sample City,None,18,Closed
2023-02-20,23,Assault,18.53633,73.859416,Sample City,None,16,Open
2024-05-11,19,Vehicle Theft,18.492598,73.86158,Sample City,None,31,Closed
2024-07-12,16,Burglary,18.530625,73.861045,Sample City,None,12,Open
2023-07-06,22,Assault,18.526131,73.855551,Sample City,Unknown,5,Closed
2023-09-16,21,Theft,18.468407,73.800553,Sample City,None,49,Open
2024-09-07,19,Robbery,18.534672,73.862094,Sample City,None,22,Closed
2024-01-02,23,Theft,18.450725,73.801625,Sample City,None,46,Under Investigation
2024-04-08,18,Burglary,18.506803,73.850257,Sample City,Blunt Object,23,Open
2023-01-04,22,Drug Offense,18.536267,73.855774,Sample City,Knife,39,Open
2024-11-19,23,Drug Offense,18.53941,73.88117,Sample City,None,37,Under Investigation
2024-10-13,10,Theft,18.533731,73.866606,Sample City,None,16,Closed
2023-02-14,14,Theft,18.53414,73.855741,Sample City,Blunt Object,49,Closed
2024-07-10,10,Theft,18.517629,73.850125,Sample City,Unknown,46,Under Investigation
2023-05-07,18,Vandalism,18.534115,73.853309,Sample City,Unknown,22,Open
2024-10-24,17,Fraud,18.525668,73.853476,Sample City,None,35,Closed
2024-10-04,11,Theft,18.539653,73.867551,Sample City,None,40,Closed
2023-10-16,19,Burglary,18.543596,73.845643,Sample City,Unknown,8,Closed
2023-02-12,18,Vandalism,18.535053,73.870274,Sample City,Blunt Object,20,Open
2024-03-04,18,Theft,18.52486,73.853602,Sample City,Unknown,28,Closed
2023-10-30,21,Fraud,18.536456,73.840939,Sample City,Unknown,23,Closed
2024-07-29,22,Robbery,18.52366,73.85918,Sample City,None,32,Open
2024-08-14,21,Theft,18.539869,73.875757,Sample City,None,33,Closed
2023-03-01,23,Drug Offense,18.544134,73.859745,Sample City,None,44,Open
2023-10-01,11,Drug Offense,18.527484,73.860819,Sample City,Unknown,35,Under Investigation
2023-08-28,23,Vandalism,18.528927,73.866148,Sample City,Knife,38,Open
2023-05-17,14,Robbery,18.508582,73.846118,Sample City,Knife,50,Closed
2023-04-01,20,Assault,18.53033,73.803822,Sample City,None,34,Open
2024-03-24,17,Drug Offense,18.536942,73.867038,Sample City,None,43,Open
2023-08-13,19,Robbery,18.510408,73.842173,Sample City,Unknown,44,Closed
2023-03-06,23,Theft,18.523172,73.863369,Sample City,None,23,Open
2024-10-19,23,Vehicle Theft,18.503317,73.852069,Sample City,Unknown,5,Closed
2023-08-19,23,Burglary,18.463814,73.868888,Sample City,Blunt Object,46,Closed
2024-08-14,18,Robbery,18.536761,73.862364,Sample City,None,39,Under Investigation
2023-12-29,10,Burglary,18.513518,73.900062,Sample City,None,25,Under Investigation
2023-06-12,18,Vandalism,18.534276,73.881111,Sample City,None,31,Open
2024-11-19,22,Theft,18.514149,73.916986,Sample City,None,35,Open
2024-02-09,19,Robbery,18.549068,73.87568,Sample City,None,29,Open
2023-11-05,23,Burglary,18.512703,73.840657,Sample City,None,25,Under Investigation
2024-03-23,15,Theft,18.531201,73.875127,Sample City,None,26,Closed
2024-04-27,21,Drug Offense,18.507766,73.876583,Sample City,None,16,Under Investigation
2024-07-16,23,Assault,18.543716,73.888581,Sample City,Unknown,13,Under Investigation
2024-02-28,23,Assault,18.508827,73.846875,Sample City,Firearm,30,Closed
2023-04-03,23,Theft,18.542074,73.862316,Sample City,None,51,Closed
2024-09-09,16,Burglary,18.543248,73.856339,Sample City,Knife,42,Open
2024-10-24,14,Fraud,18.461292,73.825915,Sample City,None,50,Closed
2024-08-20,20,Assault,18.508591,73.835859,Sample City,Knife,37,Closed
2024-06-29,19,Drug Offense,18.509275,73.866487,Sample City,None,33,Closed
2024-10-20,23,Theft,18.513318,73.844808,Sample City,None,22,Under Investigation
2024-09-01,22,Assault,18.533682,73.860665,Sample City,None,30,Closed
2023-12-04,17,Assault,18.51356,73.876775,Sample City,None,49,Closed
2024-08-30,14,Robbery,18.519928,73.880348,Sample City,Knife,46,Open
2023-07-02,16,Theft,18.531514,73.882027,Sample City,None,16,Closed
2024-01-29,9,Fraud,18.525154,73.856362,Sample City,None,26,Open
2023-12-18,23,Theft,18.539901,73.867344,Sample City,None,5,Closed
2023-11-16,22,Burglary,18.533053,73.834321,Sample City,Knife,26,Closed
2024-03-10,21,Theft,18.505122,73.844042,Sample City,None,33,Closed
2023-03-07,14,Fraud,18.503487,73.843223,Sample City,Firearm,41,Open
2023-02-14,15,Theft,18.537563,73.862306,Sample City,None,15,Closed
2023-07-13,7,Theft,18.52184,73.852497,Sample City,None,51,Open
2023-08-29,23,Burglary,18.527508,73.851389,Sample City,None,35,Open
2024-10-09,20,Drug Offense,18.5293,73.858151,Sample City,None,34,Open
2023-07-03,22,Theft,18.535773,73.856988,Sample City,None,18,Open
2023-04-05,17,Vandalism,18.586428,73.863237,Sample City,Unknown,38,Closed
2023-04-09,20,Assault,18.536311,73.858035,Sample City,None,39,Open
2023-09-26,12,Vandalism,18.53445,73.858767,Sample City,Knife,33,Closed
2024-11-03,23,Assault,18.529743,73.879582,Sample City,None,34,Under Investigation
2023-07-31,23,Theft,18.527191,73.854177,Sample City,None,35,Open
2024-10-15,22,Drug Offense,18.508238,73.806185,Sample City,None,33,Closed
2023-08-17,15,Robbery,18.545423,73.870757,Sample City,None,28,Open
2023-02-25,23,Robbery,18.515425,73.860522,Sample City,Unknown,34,Open
2024-01-14,13,Vandalism,18.622692,73.883665,Sample City,None,17,Closed
2023-06-05,14,Vehicle Theft,18.484301,73.83835,Sample City,Unknown,18,Open
2023-10-19,23,Fraud,18.530082,73.852869,Sample City,Unknown,25,Open
2024-10-16,19,Assault,18.590958,73.885897,Sample City,None,33,Closed
2023-11-02,19,Drug Offense,18.48391,73.899534,Sample City,None,22,Closed
2024-05-19,23,Robbery,18.516541,73.837368,Sample City,None,5,Closed
2023-04-17,15,Drug Offense,18.546327,73.862719,Sample City,None,48,Open
2023-09-17,16,Theft,18.46099,73.892248,Sample City,None,20,Under Investigation
2024-07-03,13,Theft,18.479783,73.850435,Sample City,None,22,Open
2023-01-02,18,Burglary,18.444124,73.814515,Sample City,Firearm,48,Open
2023-08-07,13,Fraud,18.502066,73.844018,Sample City,None,24,Closed
2024-08-20,15,Theft,18.50729,73.845527,Sample City,Firearm,21,Closed
2023-08-09,9,Theft,18.497769,73.86547,Sample City,Blunt Object,32,Closed
2023-06-09,23,Theft,18.501107,73.839918,Sample City,None,31,Under Investigation
2024-05-13,14,Assault,18.533175,73.873326,Sample City,None,26,Closed
2023-03-28,23,Fraud,18.497406,73.914172,Sample City,Unknown,16,Under Investigation
2024-03-02,7,Assault,18.483758,73.849589,Sample City,Blunt Object,25,Closed
2023-03-31,23,Theft,18.469595,73.844508,Sample City,Blunt Object,37,Closed
2023-10-19,20,Assault,18.507135,73.845122,Sample City,Unknown,49,Open
2024-05-12,21,Vandalism,18.530113,73.865837,Sample City,None,25,Open
2024-05-28,23,Vandalism,18.498351,73.836933,Sample City,Unknown,19,Closed
2023-03-12,23,Drug Offense,18.528028,73.88014,Sample City,None,17,Closed
2023-01-28,12,Burglary,18.514645,73.845538,Sample City,Blunt Object,30,Under Investigation
2024-08-17,17,Theft,18.535861,73.873819,Sample City,None,5,Closed
2024-12-23,15,Theft,18.518361,73.869792,Sample City,Unknown,38,Closed
2024-07-10,23,Burglary,18.520986,73.84736,Sample City,None,48,Under Investigation
2024-01-24,20,Vehicle Theft,18.525613,73.864063,Sample City,Firearm,22,Open
2023-12-30,14,Theft,18.502621,73.80259,Sample City,Unknown,48,Closed
2024-08-27,23,Vehicle Theft,18.543922,73.833351,Sample City,Blunt Object,10,Closed
2024-12-19,12,Vandalism,18.510398,73.842859,Sample City,Blunt Object,38,Open
2024-07-08,21,Vehicle Theft,18.476095,73.819495,Sample City,None,30,Closed
2023-02-09,17,Robbery,18.50348,73.842544,Sample City,None,29,Open
2023-11-15,23,Assault,18.509703,73.841558,Sample City,None,35,Closed
2024-01-16,23,Fraud,18.518711,73.886256,Sample City,None,33,Open
2023-11-17,10,Burglary,18.528723,73.857797,Sample City,None,43,Closed
2024-03-08,15,Vandalism,18.531588,73.862384,Sample City,None,42,Closed
2023-11-20,23,Assault,18.523477,73.786413,Sample City,None,47,Open
2023-08-12,19,Drug Offense,18.523562,73.835207,Sample City,Knife,11,Closed
2024-01-02,23,Assault,18.514556,73.844277,Sample City,None,63,Open
2024-11-02,14,Fraud,18.496346,73.810955,Sample City,None,33,Closed
2023-03-13,23,Burglary,18.528567,73.858093,Sample City,Knife,28,Open
2023-11-30,23,Theft,18.526066,73.860061,Sample City,None,40,Closed
2023-11-12,23,Burglary,18.491692,73.799677,Sample City,Knife,19,Open
2024-08-05,8,Vehicle Theft,18.543544,73.821848,Sample City,None,37,Under Investigation
2024-12-21,22,Assault,18.527766,73.858703,Sample City,Blunt Object,18,Closed
2023-09-30,19,Burglary,18.502446,73.848867,Sample City,Firearm,25,Open
2024-07-12,15,Theft,18.536364,73.862084,Sample City,None,43,Under Investigation
2024-05-19,21,Fraud,18.529124,73.86341,Sample City,Blunt Object,37,Closed
2023-08-05,22,Theft,18.507311,73.851063,Sample City,Firearm,7,Open
2023-09-26,20,Drug Offense,18.519986,73.863593,Sample City,Firearm,45,Under Investigation
2024-01-10,23,Assault,18.521987,73.871448,Sample City,None,41,Under Investigation
2023-01-29,20,Burglary,18.507185,73.862301,Sample City,Unknown,19,Closed
2024-04-22,14,Theft,18.529184,73.867066,Sample City,None,33,Closed
2024-05-07,23,Vehicle Theft,18.510199,73.818206,Sample City,Knife,32,Open
2024-12-24,20,Theft,18.514853,73.844613,Sample City,Blunt Object,29,Open
2023-07-25,22,Drug Offense,18.495468,73.905012,Sample City,Firearm,18,Closed
2023-08-24,14,Vandalism,18.539232,73.837986,Sample City,None,22,Under Investigation
2023-07-19,17,Assault,18.518924,73.853118,Sample City,None,49,Closed
2023-11-23,18,Drug Offense,18.507627,73.84255,Sample City,None,25,Closed
2023-06-26,21,Theft,18.571344,73.861867,Sample City,Firearm,41,Closed
2023-11-22,20,Fraud,18.550438,73.847772,Sample City,None,28,Closed
2023-04-16,22,Theft,18.520542,73.86403,Sample City,None,35,Closed
2023-02-09,15,Assault,18.533734,73.860454,Sample City,None,41,Closed
2023-09-30,20,Fraud,18.511915,73.841528,Sample City,Blunt Object,27,Closed
2024-12-09,12,Drug Offense,18.525746,73.871906,Sample City,Firearm,14,Closed
2024-09-23,23,Burglary,18.531416,73.88783,Sample City,Knife,18,Open
2023-08-16,17,Vandalism,18.517237,73.844848,Sample City,None,43,Open
2023-03-03,13,Burglary,18.603132,73.877128,Sample City,Knife,27,Closed
2023-09-01,18,Robbery,18.473427,73.851094,Sample City,None,33,Open
2023-06-21,23,Burglary,18.542775,73.859487,Sample City,None,18,Closed
2023-05-30,23,Drug Offense,18.530892,73.869994,Sample City,Firearm,47,Open
2023-02-15,23,Theft,18.538123,73.877001,Sample City,Knife,43,Open
2023-12-31,22,Theft,18.538414,73.860564,Sample City,Blunt Object,27,Closed
2023-02-03,17,Assault,18.530979,73.866231,Sample City,Knife,41,Closed
2024-09-19,23,Theft,18.542647,73.865281,Sample City,Blunt Object,29,Open
2024-05-28,23,Theft,18.543025,73.88182,Sample City,None,45,Open
2023-11-03,19,Assault,18.500211,73.839326,Sample City,None,36,Closed
2024-07-29,17,Fraud,18.528142,73.849836,Sample City,Unknown,45,Closed
2023-01-09,18,Fraud,18.51254,73.876587,Sample City,Blunt Object,35,Closed
2024-02-01,17,Theft,18.527753,73.858356,Sample City,Firearm,22,Under Investigation
2023-09-18,15,Theft,18.523478,73.854234,Sample City,None,21,Closed
2023-12-11,17,Fraud,18.532918,73.85702,Sample City,Firearm,28,Closed
2024-02-10,21,Theft,18.535241,73.861886,Sample City,None,19,Closed
2024-10-16,13,Fraud,18.500883,73.857104,Sample City,Firearm,48,Closed
2023-04-06,16,Vandalism,18.537841,73.852298,Sample City,None,45,Closed
2023-02-24,16,Assault,18.479654,73.877371,Sample City,Unknown,21,Open
2023-10-15,20,Theft,18.533316,73.861964,Sample City,None,19,Under Investigation
2023-08-03,15,Theft,18.519684,73.869811,Sample City,None,38,Under Investigation
2024-05-04,18,Robbery,18.532293,73.870188,Sample City,Unknown,15,Open
2024-09-02,16,Assault,18.52171,73.858448,Sample City,Blunt Object,13,Closed
2023-07-21,17,Vehicle Theft,18.517117,73.869125,Sample City,None,35,Open
2023-09-19,19,Fraud,18.534225,73.854922,Sample City,None,38,Open
2023-10-05,9,Theft,18.538549,73.875036,Sample City,None,26,Closed
2023-03-31,16,Burglary,18.525556,73.863055,Sample City,Unknown,43,Closed
2024-02-04,23,Vehicle Theft,18.537998,73.863023,Sample City,None,26,Closed
2023-04-22,10,Burglary,18.529914,73.863643,Sample City,Knife,37,Under Investigation
2024-09-11,23,Burglary,18.534444,73.867744,Sample City,None,25,Open
2023-08-31,18,Assault,18.546439,73.86579,Sample City,None,49,Open
2023-06-11,16,Theft,18.519532,73.874312,Sample City,None,55,Under Investigation
2024-07-03,9,Fraud,18.513557,73.894126,Sample City,Unknown,46,Under Investigation
2024-09-15,12,Fraud,18.543413,73.894609,Sample City,Unknown,31,Open
2024-05-13,23,Fraud,18.524483,73.854613,Sample City,Blunt Object,36,Under Investigation
2024-07-09,15,Vandalism,18.523881,73.850738,Sample City,None,47,Open
2024-08-08,18,Theft,18.536532,73.875484,Sample City,Knife,14,Closed
2024-04-07,23,Theft,18.531309,73.861639,Sample City,Unknown,39,Open
2023-08-05,21,Theft,18.515248,73.846892,Sample City,None,49,Closed
2024-10-07,19,Assault,18.54433,73.85862,Sample City,None,16,Under Investigation
2024-06-11,16,Theft,18.524539,73.865387,Sample City,None,40,Open
2023-02-15,17,Robbery,18.5343,73.877539,Sample City,None,51,Open
2024-03-17,23,Vehicle Theft,18.549001,73.794682,Sample City,None,40,Closed
2024-04-19,12,Burglary,18.519256,73.836551,Sample City,Blunt Object,36,Under Investigation
2023-12-02,23,Fraud,18.495608,73.8708,Sample City,Blunt Object,22,Closed
2023-04-06,21,Theft,18.50423,73.841795,Sample City,Unknown,22,Closed
2024-08-29,13,Theft,18.526753,73.863648,Sample City,Firearm,39,Open
2024-05-20,12,Drug Offense,18.529457,73.827885,Sample City,Firearm,45,Closed
2024-12-17,16,Assault,18.505317,73.839779,Sample City,None,33,Closed
2023-02-11,17,Theft,18.531482,73.878016,Sample City,None,22,Closed
2023-06-30,22,Theft,18.524291,73.858144,Sample City,None,30,Closed
2024-10-18,15,Theft,18.525239,73.821724,Sample City,Unknown,36,Closed
2024-07-07,11,Theft,18.513357,73.887176,Sample City,None,29,Open
2023-10-26,15,Vandalism,18.530581,73.863392,Sample City,Blunt Object,24,Closed
2024-06-16,17,Theft,18.508984,73.841992,Sample City,Knife,33,Open
2024-08-04,18,Fraud,18.53166,73.85091,Sample City,Blunt Object,43,Closed
2024-11-20,23,Theft,18.530973,73.87073,Sample City,Firearm,27,Closed
2024-02-02,23,Theft,18.512144,73.890025,Sample City,None,55,Open
2024-07-08,23,Theft,18.500398,73.861798,Sample City,Unknown,17,Open
2023-01-20,23,Theft,18.494815,73.859254,Sample City,Firearm,25,Closed
2023-03-23,13,Burglary,18.528515,73.86309,Sample City,None,40,Under Investigation
2024-10-29,15,Theft,18.530571,73.867915,Sample City,Unknown,9,Open
2023-01-02,19,Vandalism,18.499086,73.858577,Sample City,None,33,Open
2024-12-21,20,Assault,18.505096,73.85327,Sample City,Firearm,39,Closed
2023-06-14,15,Drug Offense,18.507216,73.843141,Sample City,Knife,31,Open
2023-03-22,17,Theft,18.532476,73.877881,Sample City,Knife,38,Open
2024-08-31,23,Vandalism,18.52902,73.886089,Sample City,None,30,Under Investigation
2023-05-12,17,Robbery,18.480121,73.844611,Sample City,Knife,25,Open
2023-12-15,20,Vehicle Theft,18.527759,73.860961,Sample City,None,50,Open
2023-07-28,19,Assault,18.503208,73.845447,Sample City,None,32,Closed
2024-10-29,21,Vehicle Theft,18.52155,73.842971,Sample City,None,26,Open
2023-11-22,12,Vandalism,18.491123,73.877193,Sample City,Knife,35,Under Investigation
2024-07-07,23,Fraud,18.501311,73.849585,Sample City,Knife,37,Open
2023-10-21,22,Theft,18.531157,73.853624,Sample City,Blunt Object,39,Closed
2024-01-15,22,Theft,18.534916,73.8773,Sample City,Blunt Object,35,Closed
2024-02-09,21,Vandalism,18.538237,73.862317,Sample City,None,46,Open
2024-03-06,14,Vandalism,18.527948,73.903735,Sample City,None,34,Closed
2023-10-13,17,Theft,18.503802,73.836109,Sample City,Unknown,50,Closed
2024-04-16,16,Theft,18.51001,73.855305,Sample City,None,18,Closed
2023-04-15,15,Vandalism,18.497943,73.845116,Sample City,Blunt Object,24,Closed
2023-02-04,23,Fraud,18.534639,73.869315,Sample City,Unknown,41,Under Investigation
2024-10-17,15,Theft,18.509845,73.839711,Sample City,None,31,Open
2024-10-06,23,Robbery,18.526332,73.858376,Sample City,None,49,Closed
2024-10-27,13,Assault,18.486602,73.879106,Sample City,Knife,49,Open
2023-01-30,23,Theft,18.536023,73.835254,Sample City,None,19,Open
2023-03-02,23,Drug Offense,18.527718,73.861729,Sample City,Knife,29,Under Investigation
2023-08-08,21,Robbery,18.496582,73.840667,Sample City,Knife,16,Open
2024-12-28,15,Vandalism,18.488366,73.779517,Sample City,Blunt Object,13,Open
2023-07-29,13,Assault,18.516027,73.880432,Sample City,Blunt Object,41,Closed
2024-04-27,18,Vehicle Theft,18.527988,73.873838,Sample City,Unknown,51,Open
2023-11-07,8,Vehicle Theft,18.526593,73.854277,Sample City,None,29,Under Investigation
2023-02-14,17,Fraud,18.514157,73.841791,Sample City,Unknown,12,Closed
2024-05-19,18,Fraud,18.535853,73.906024,Sample City,None,25,Under Investigation
2023-01-30,16,Assault,18.478791,73.83213,Sample City,Unknown,28,Closed
2024-10-25,17,Assault,18.560757,73.85063,Sample City,None,36,Closed
2023-01-02,21,Theft,18.528147,73.868684,Sample City,None,5,Under Investigation
2023-10-04,10,Theft,18.527274,73.825317,Sample City,None,61,Open
2024-09-23,17,Burglary,18.534417,73.880642,Sample City,None,47,Open
2023-07-21,19,Vandalism,18.517118,73.860842,Sample City,Firearm,42,Open
2023-10-17,10,Vandalism,18.493471,73.858467,Sample City,Blunt Object,45,Closed
2023-08-02,20,Vandalism,18.528195,73.850163,Sample City,Unknown,27,Closed
2023-02-04,17,Theft,18.497293,73.85766,Sample City,Firearm,23,Closed
2024-03-23,23,Vandalism,18.532165,73.851612,Sample City,None,31,Closed
2024-11-21,17,Fraud,18.554726,73.886548,Sample City,None,35,Closed
2024-07-15,23,Vehicle Theft,18.534919,73.857374,Sample City,None,35,Closed
2023-05-20,23,Burglary,18.536065,73.873035,Sample City,None,20,Closed
2024-11-26,14,Burglary,18.535466,73.879272,Sample City,Unknown,17,Closed
2024-12-22,17,Vehicle Theft,18.529771,73.857028,Sample City,None,41,Closed
2023-12-10,23,Robbery,18.48219,73.816734,Sample City,Unknown,44,Closed
2024-10-14,19,Robbery,18.505924,73.847482,Sample City,None,27,Open
2024-10-11,23,Assault,18.52907,73.858075,Sample City,None,21,Open
2023-11-24,5,Theft,18.52224,73.862744,Sample City,None,36,Closed
2023-07-19,15,Theft,18.504902,73.869955,Sample City,None,24,Open
2023-05-06,18,Fraud,18.52357,73.864596,Sample City,None,22,Closed
2024-05-04,16,Fraud,18.509017,73.841871,Sample City,None,22,Closed
2024-04-26,18,Theft,18.543481,73.856624,Sample City,Unknown,30,Open
2024-02-28,23,Burglary,18.544093,73.842274,Sample City,Knife,46,Open
2023-02-27,23,Assault,18.52311,73.855496,Sample City,Unknown,38,Closed
2024-12-12,18,Theft,18.481017,73.865601,Sample City,None,44,Closed
2024-05-29,14,Burglary,18.503367,73.847927,Sample City,Blunt Object,47,Closed
2024-06-05,12,Drug Offense,18.517646,73.862382,Sample City,None,39,Closed
2024-07-08,22,Assault,18.532947,73.866154,Sample City,None,30,Under Investigation
2024-01-05,16,Burglary,18.529456,73.869343,Sample City,None,12,Closed
2023-09-26,23,Theft,18.516811,73.84531,Sample City,None,9,Closed
2023-12-22,22,Drug Offense,18.533611,73.877128,Sample City,Firearm,47,Open
2024-08-01,10,Vandalism,18.512945,73.836229,Sample City,None,51,Closed
2024-01-08,21,Burglary,18.535267,73.856085,Sample City,Unknown,49,Closed
2023-07-19,23,Theft,18.504779,73.841238,Sample City,Firearm,21,Closed
2023-11-10,22,Vandalism,18.517999,73.860868,Sample City,Firearm,48,Closed
2024-05-09,17,Theft,18.550819,73.873799,Sample City,None,15,Closed
2023-08-30,14,Theft,18.534596,73.88718,Sample City,None,47,Open
2024-10-08,18,Vandalism,18.519944,73.911122,Sample City,None,16,Closed
2023-09-26,12,Drug Offense,18.544528,73.857339,Sample City,Blunt Object,33,Open
2024-03-24,16,Assault,18.483677,73.860275,Sample City,None,34,Open
2023-10-19,14,Fraud,18.515622,73.841817,Sample City,None,5,Open
2023-07-27,10,Vandalism,18.527022,73.86005,Sample City,None,46,Under Investigation
2023-08-23,15,Assault,18.540023,73.833613,Sample City,Unknown,49,Open
2023-12-01,11,Robbery,18.484447,73.888656,Sample City,None,19,Closed
2023-06-14,16,Assault,18.525502,73.866944,Sample City,Firearm,36,Closed
2023-01-18,17,Assault,18.531941,73.8525,Sample City,None,42,Under Investigation
2023-12-06,13,Assault,18.519188,73.86771,Sample City,None,10,Open
2024-11-30,13,Vandalism,18.5315,73.865266,Sample City,Knife,11,Closed
2024-11-29,18,Theft,18.514369,73.851907,Sample City,None,39,Open
2023-05-19,14,Fraud,18.530879,73.856852,Sample City,Firearm,32,Closed
2024-02-03,15,Theft,18.534982,73.842101,Sample City,Blunt Object,29,Closed
2023-09-21,18,Assault,18.52945,73.865319,Sample City,None,38,Closed
2024-03-25,17,Theft,18.5369,73.863687,Sample City,Knife,39,Open
2024-07-05,11,Fraud,18.525836,73.857636,Sample City,Firearm,32,Closed
2024-04-06,13,Theft,18.504509,73.839048,Sample City,Unknown,39,Closed
2023-03-30,11,Assault,18.509952,73.891889,Sample City,None,47,Under Investigation
2024-11-01,16,Assault,18.535498,73.861546,Sample City,Unknown,32,Closed
2024-12-23,19,Robbery,18.556124,73.865057,Sample City,Blunt Object,46,Open
2024-07-12,17,Assault,18.539179,73.857997,Sample City,None,28,Closed
2023-02-23,16,Vandalism,18.536756,73.858559,Sample City,Knife,37,Under Investigation
2023-06-19,13,Assault,18.527644,73.8651,Sample City,None,31,Open
2024-12-28,23,Vandalism,18.531177,73.862722,Sample City,None,26,Closed
2024-06-03,19,Theft,18.53328,73.854988,Sample City,None,72,Under Investigation
2023-12-07,16,Drug Offense,18.490323,73.848458,Sample City,Knife,37,Closed
2024-09-29,14,Theft,18.5365,73.862323,Sample City,Blunt Object,39,Open
2024-11-21,14,Vehicle Theft,18.520755,73.847825,Sample City,None,29,Closed
2024-12-07,15,Vandalism,18.533774,73.858145,Sample City,None,30,Under Investigation
2023-12-10,14,Assault,18.536202,73.864782,Sample City,None,18,Under Investigation
